name,estimated_price
AMD 3015e,1618750
AMD 3020e,1531250
AMD A10 Micro-6700T APU,1093750
AMD A10 PRO-7350B APU,1093750
AMD A10-4600M APU,1093750
AMD A10-4655M APU,1093750
AMD A10-4657M APU,1093750
AMD A10-5745M APU,1093750
AMD A10-5750M APU,1093750
AMD A10-5757M APU,1093750
AMD A10-7300 APU,1093750
AMD A10-7400P,1093750
AMD A10-8700P,1093750
AMD A10-9600P,1093750
AMD A10-9620P,1093750
AMD A10-9630P,1093750
AMD A12-9700P,1137500
AMD A12-9720P,1181250
AMD A12-9730P,1312500
AMD A4 Micro-6400T APU,1093750
AMD A4 PRO-3340B,1093750
AMD A4-1200 APU,1093750
AMD A4-1250 APU,1093750
AMD A4-1350 APU,1093750
AMD A4-3300M APU,1093750
AMD A4-3305M APU,1093750
AMD A4-3310MX APU,1093750
AMD A4-3320M APU,1093750
AMD A4-3330MX APU,1093750
AMD A4-4300M APU,1093750
AMD A4-4355M APU,1093750
AMD A4-5000 APU,1093750
AMD A4-5050 APU,1093750
AMD A4-5100 APU,1093750
AMD A4-5150M APU,1093750
AMD A4-6210 APU,1093750
AMD A4-6250J APU,1093750
AMD A4-7210 APU,1093750
AMD A4-9120,1093750
AMD A4-9120C,1093750
AMD A4-9120e,1093750
AMD A4-9125,1093750
AMD A6 Micro-6500T APU,1093750
AMD A6 PRO-7050B APU,1093750
AMD A6-1450 APU,1093750
AMD A6-3400M APU,1093750
AMD A6-3410MX APU,1093750
AMD A6-3420M APU,1093750
AMD A6-3430MX APU,1093750
AMD A6-4400M APU,1093750
AMD A6-4455M APU,1093750
AMD A6-5200 APU,1093750
AMD A6-5345M APU,1093750
AMD A6-5350M APU,1093750
AMD A6-5357M APU,1093750
AMD A6-6310 APU,1093750
AMD A6-7000 ,1093750
AMD A6-7310 APU,1093750
AMD A6-8500P,1093750
AMD A6-9200,1093750
AMD A6-9210,1093750
AMD A6-9220,1093750
AMD A6-9220C,1093750
AMD A6-9220e,1093750
AMD A6-9225,1093750
AMD A6-9400,1093750
AMD A8 PRO-7150B APU,1093750
AMD A8-3500M APU,1093750
AMD A8-3510MX APU,1093750
AMD A8-3520M APU,1093750
AMD A8-3530MX APU,1093750
AMD A8-3550MX APU,1093750
AMD A8-4500M APU,1093750
AMD A8-4555M APU,1093750
AMD A8-5545M APU,1093750
AMD A8-5550M APU,1093750
AMD A8-5557M APU,1093750
AMD A8-6410 APU,1093750
AMD A8-7050,1093750
AMD A8-7100 APU,1093750
AMD A8-7200P,1093750
AMD A8-7410 APU,1093750
AMD A8-7680,1312500
AMD A8-8600P,1093750
AMD A9-9400,1268750
AMD A9-9410,1356250
AMD A9-9420,1356250
AMD A9-9420e,1093750
AMD A9-9425,1356250
AMD Athlon 220GE,1312500
AMD Athlon 300U,1181250
AMD Athlon 64 X2 QL-60,1093750
AMD Athlon 64 X2 QL-62,1093750
AMD Athlon 64 X2 QL-64,1093750
AMD Athlon 64 X2 QL-65,1093750
AMD Athlon 64 X2 QL-66,1093750
AMD Athlon 64 X2 QL-67,1093750
AMD Athlon Gold 3150C,1093750
AMD Athlon Gold 3150U,1181250
AMD Athlon Gold 7220U,1443750
AMD Athlon Gold PRO 4150GE,3281250
AMD Athlon II Dual-Core M300,1093750
AMD Athlon II Dual-Core M320,1093750
AMD Athlon II Dual-Core M340,1093750
AMD Athlon II N330 Dual-Core,1093750
AMD Athlon II N350 Dual-Core,1093750
AMD Athlon II N370 Dual-Core,1093750
AMD Athlon II Neo K125,1093750
AMD Athlon II Neo K145,1093750
AMD Athlon II Neo K325 Dual-Core,1093750
AMD Athlon II Neo K345 Dual-Core,1093750
AMD Athlon II Neo N36L Dual-Core,1093750
AMD Athlon II P320 Dual-Core,1093750
AMD Athlon II P340 Dual-Core,1093750
AMD Athlon II P360 Dual-Core,1093750
AMD Athlon PRO 300U,1487500
AMD Athlon PRO 3045B,1093750
AMD Athlon Silver 3050C,1093750
AMD Athlon Silver 3050GE,1356250
AMD Athlon Silver 3050U,1093750
AMD Athlon Silver 3050e,1093750
AMD Athlon Silver 7120U,1093750
AMD Athlon X2 Dual Core L310,1093750
AMD C-30,1093750
AMD C-50,1093750
AMD C-60 APU,1093750
AMD C-70 APU,1093750
AMD E-240,1093750
AMD E-300 APU,1093750
AMD E-350,1093750
AMD E-350 APU,1093750
AMD E-350D APU,1093750
AMD E-450 APU,1093750
AMD E1 Micro-6200T APU,1093750
AMD E1-1200 APU,1093750
AMD E1-1500 APU,1093750
AMD E1-2100 APU,1093750
AMD E1-2200 APU,1093750
AMD E1-2500 APU,1093750
AMD E1-6010 APU,1093750
AMD E1-6015 APU,1093750
AMD E1-7010 APU,1093750
AMD E2-2000 APU,1093750
AMD E2-3000 APU,1093750
AMD E2-3000M APU,1093750
AMD E2-3800 APU,1400000
AMD E2-6110 APU,1443750
AMD E2-7015,1093750
AMD E2-7015 APU,1093750
AMD E2-7110 APU,1487500
AMD E2-9000,1181250
AMD E2-9000e,1093750
AMD E2-9010,1225000
AMD Embedded G-Series GX-215JJ Radeon R2E,1531250
AMD Embedded G-Series GX-224IJ Radeon R4E,1618750
AMD Embedded G-Series GX-420GI Radeon R7E,2012500
AMD Embedded R-Series RX-216GD,1750000
AMD Embedded R-Series RX-418GD Radeon R6,3193750
AMD Embedded R-Series RX-421BD,2887500
AMD FX-7500 APU,1093750
AMD FX-7600P,1093750
AMD FX-7600P APU,1093750
AMD FX-8800P,1093750
AMD FX-9800P,1093750
AMD FX-9830P,1093750
AMD G-T40E,1093750
AMD G-T40N,1093750
AMD G-T40R,1093750
AMD G-T44R,1093750
AMD G-T48E,1093750
AMD G-T52R,1093750
AMD G-T56E,1093750
AMD G-T56N,1093750
AMD GX-210JA SOC,1137500
AMD GX-212JC SOC ,1225000
AMD GX-217GA SOC,1443750
AMD GX-218GL SOC,1443750
AMD GX-222GC SOC,1531250
AMD GX-412HC,1443750
AMD GX-415GA SOC,1925000
AMD GX-420CA SOC,2100000
AMD GX-420MC SOC,2100000
AMD GX-424CC SOC,2100000
AMD PRO A10-8700B,1093750
AMD PRO A10-8730B,1093750
AMD PRO A10-9700B,1181250
AMD PRO A12-8800B,1225000
AMD PRO A12-8830B,1443750
AMD PRO A12-9800B,1487500
AMD PRO A4-3350B APU,1093750
AMD PRO A4-4350B,1093750
AMD PRO A6-7350B,1093750
AMD PRO A6-8500B,1093750
AMD PRO A6-8530B,1093750
AMD PRO A6-9500B,1093750
AMD PRO A8-8600B,1093750
AMD PRO A8-9600B,1093750
AMD Phenom II N620 Dual-Core,1312500
AMD Phenom II N640 Dual-Core,1356250
AMD Phenom II N660 Dual-Core,1356250
AMD Phenom II N830 3+1,1837500
AMD Phenom II N830 Triple-Core,1662500
AMD Phenom II N850 Triple-Core,1662500
AMD Phenom II N870 Triple-Core,1662500
AMD Phenom II N930 Quad-Core,1793750
AMD Phenom II N950 Quad-Core,1793750
AMD Phenom II N970 Quad-Core,1837500
AMD Phenom II P650 Dual-Core,1356250
AMD Phenom II P820 Triple-Core,1618750
AMD Phenom II P840 Triple-Core,1575000
AMD Phenom II P860 Triple-Core,1662500
AMD Phenom II P920 Quad-Core,1575000
AMD Phenom II P940 Quad-Core,1662500
AMD Phenom II P960 Quad-Core,1706250
AMD Phenom II X620 Dual-Core,1400000
AMD Phenom II X920 Quad-Core,1793750
AMD Phenom II X940 Quad-Core,1837500
AMD QC-4000,1268750
AMD R-260H APU,1312500
AMD R-272F APU,1225000
AMD R-460L APU,1531250
AMD R-464L APU,1575000
AMD RX-427BB,2668750
AMD Ryzen 3 210,7131250
AMD Ryzen 3 2200U,2187500
AMD Ryzen 3 2300U,2712500
AMD Ryzen 3 3200U,2187500
AMD Ryzen 3 3250C,2187500
AMD Ryzen 3 3250U,2187500
AMD Ryzen 3 3300U,2800000
AMD Ryzen 3 3350U,2800000
AMD Ryzen 3 4300U,3500000
AMD Ryzen 3 5300U,4418750
AMD Ryzen 3 5400U,5600000
AMD Ryzen 3 5425U,5862500
AMD Ryzen 3 7320C,3456250
AMD Ryzen 3 7320U,4068750
AMD Ryzen 3 7330U,5075000
AMD Ryzen 3 7335U,7043750
AMD Ryzen 3 7440U,7568750
AMD Ryzen 3 8440U,6518750
AMD Ryzen 3 PRO 210,6825000
AMD Ryzen 3 PRO 2300U,3325000
AMD Ryzen 3 PRO 3200GE,3937500
AMD Ryzen 3 PRO 3300U,3412500
AMD Ryzen 3 PRO 4200GE,6650000
AMD Ryzen 3 PRO 4450U,5337500
AMD Ryzen 3 PRO 5450U,6518750
AMD Ryzen 3 PRO 5475U,6912500
AMD Ryzen 3 PRO 7330U,8312500
AMD Ryzen 3 PRO 7335U,8137500
AMD Ryzen 5 220,13256250
AMD Ryzen 5 230,14087500
AMD Ryzen 5 240,16231250
AMD Ryzen 5 2500U,4375000
AMD Ryzen 5 2600H,5600000
AMD Ryzen 5 3450U,4375000
AMD Ryzen 5 3500C,4375000
AMD Ryzen 5 3500U,4375000
AMD Ryzen 5 3550H,5381250
AMD Ryzen 5 3550U,4637500
AMD Ryzen 5 3580U,4375000
AMD Ryzen 5 40,5381250
AMD Ryzen 5 4500U,6737500
AMD Ryzen 5 4600H,12600000
AMD Ryzen 5 4600HS,12818750
AMD Ryzen 5 4600U,9537500
AMD Ryzen 5 5500H,8837500
AMD Ryzen 5 5500U,9143750
AMD Ryzen 5 5560U,11987500
AMD Ryzen 5 5600H,15093750
AMD Ryzen 5 5600U,11856250
AMD Ryzen 5 5625U,11418750
AMD Ryzen 5 6600H,16887500
AMD Ryzen 5 6600HS Creator Edition,16187500
AMD Ryzen 5 6600U,13343750
AMD Ryzen 5 7235HS,10150000
AMD Ryzen 5 7430U,12556250
AMD Ryzen 5 7520U,5381250
AMD Ryzen 5 7530U,12075000
AMD Ryzen 5 7533HS,14656250
AMD Ryzen 5 7535H,12425000
AMD Ryzen 5 7535HS,16275000
AMD Ryzen 5 7535U,13300000
AMD Ryzen 5 7540U,14700000
AMD Ryzen 5 7545U,15968750
AMD Ryzen 5 7640HS,21918750
AMD Ryzen 5 7640U,16362500
AMD Ryzen 5 7645HX,25593750
AMD Ryzen 5 8540U,14525000
AMD Ryzen 5 8640HS,18200000
AMD Ryzen 5 8640U,15793750
AMD Ryzen 5 8645HS,20300000
AMD Ryzen 5 Microsoft Surface Edition,4418750
AMD Ryzen 5 PRO 215,17018750
AMD Ryzen 5 PRO 220,18856250
AMD Ryzen 5 PRO 230,18550000
AMD Ryzen 5 PRO 2500U,4856250
AMD Ryzen 5 PRO 3500U,5075000
AMD Ryzen 5 PRO 4400GE,13912500
AMD Ryzen 5 PRO 4500U,10106250
AMD Ryzen 5 PRO 4650U,10018750
AMD Ryzen 5 PRO 5650U,13037500
AMD Ryzen 5 PRO 5675U,13037500
AMD Ryzen 5 PRO 6650H,20037500
AMD Ryzen 5 PRO 6650U,15356250
AMD Ryzen 5 PRO 7530U,12818750
AMD Ryzen 5 PRO 7540U,16581250
AMD Ryzen 5 PRO 7545U,17806250
AMD Ryzen 5 PRO 7640HS,25550000
AMD Ryzen 5 PRO 7640U,20168750
AMD Ryzen 5 PRO 8540U,17281250
AMD Ryzen 5 PRO 8640HS,23275000
AMD Ryzen 5 PRO 8640U,21218750
AMD Ryzen 5 PRO 8645HS,25506250
AMD Ryzen 5 Pro 7535U,15225000
AMD Ryzen 7 255,27562500
AMD Ryzen 7 260,25506250
AMD Ryzen 7 2700U,8750000
AMD Ryzen 7 2800H,8750000
AMD Ryzen 7 3700C,8750000
AMD Ryzen 7 3700U,8750000
AMD Ryzen 7 3750H,8750000
AMD Ryzen 7 3780U,8750000
AMD Ryzen 7 4700U,11768750
AMD Ryzen 7 4800H,20037500
AMD Ryzen 7 4800HS,20037500
AMD Ryzen 7 4800U,15750000
AMD Ryzen 7 4850U Mobile,16406250
AMD Ryzen 7 4980U Microsoft Surface Edition,16756250
AMD Ryzen 7 5700U,14875000
AMD Ryzen 7 5800H,22968750
AMD Ryzen 7 5800HS,21656250
AMD Ryzen 7 5800HS Creator Edition,19600000
AMD Ryzen 7 5800U,17325000
AMD Ryzen 7 5825U,17281250
AMD Ryzen 7 6800H,25418750
AMD Ryzen 7 6800HS,25112500
AMD Ryzen 7 6800HS Creator Edition,23800000
AMD Ryzen 7 6800U,19950000
AMD Ryzen 7 6810U,21831250
AMD Ryzen 7 7435H,25200000
AMD Ryzen 7 7435HS,25550000
AMD Ryzen 7 7445HS,20168750
AMD Ryzen 7 7700G,32593750
AMD Ryzen 7 7730U,16887500
AMD Ryzen 7 7735H,27431250
AMD Ryzen 7 7735HS,26512500
AMD Ryzen 7 7735U,19687500
AMD Ryzen 7 7736U,20825000
AMD Ryzen 7 7745HX,42306250
AMD Ryzen 7 7840H,34125000
AMD Ryzen 7 7840HS,35306250
AMD Ryzen 7 7840HX,58406250
AMD Ryzen 7 7840S,21000000
AMD Ryzen 7 7840U,23537500
AMD Ryzen 7 8745H,35175000
AMD Ryzen 7 8745HS,34431250
AMD Ryzen 7 8745HX,40818750
AMD Ryzen 7 8840HS,27825000
AMD Ryzen 7 8840HX,59062500
AMD Ryzen 7 8840U,22487500
AMD Ryzen 7 8845H,31018750
AMD Ryzen 7 8845HS,33556250
AMD Ryzen 7 Extreme Edition,14043750
AMD Ryzen 7 H 250,27256250
AMD Ryzen 7 H 255,34300000
AMD Ryzen 7 H 260,35000000
AMD Ryzen 7 PRO 250,24631250
AMD Ryzen 7 PRO 2700U,8750000
AMD Ryzen 7 PRO 3700U,8750000
AMD Ryzen 7 PRO 4750U,16843750
AMD Ryzen 7 PRO 5800H,25943750
AMD Ryzen 7 PRO 5850U,19337500
AMD Ryzen 7 PRO 5875U,19206250
AMD Ryzen 7 PRO 6850H,31237500
AMD Ryzen 7 PRO 6850HS,29793750
AMD Ryzen 7 PRO 6850U,23581250
AMD Ryzen 7 PRO 6860Z,23143750
AMD Ryzen 7 PRO 7730U,20912500
AMD Ryzen 7 PRO 7840HS,38762500
AMD Ryzen 7 PRO 7840U,28175000
AMD Ryzen 7 PRO 8840H,39331250
AMD Ryzen 7 PRO 8840HS,37012500
AMD Ryzen 7 PRO 8840U,27518750
AMD Ryzen 7 PRO 8845HS,41606250
AMD Ryzen 7 Pro 7735U,21262500
AMD Ryzen 9 270,32112500
AMD Ryzen 9 4900H,24762500
AMD Ryzen 9 4900HS,24675000
AMD Ryzen 9 4950U Mobile,18462500
AMD Ryzen 9 5900H,16756250
AMD Ryzen 9 5900HS,27781250
AMD Ryzen 9 5900HS Creator Edition,23887500
AMD Ryzen 9 5900HX,29093750
AMD Ryzen 9 5980HS,26600000
AMD Ryzen 9 5980HX,30450000
AMD Ryzen 9 6900HS,30231250
AMD Ryzen 9 6900HS Creator Edition,27781250
AMD Ryzen 9 6900HX,31762500
AMD Ryzen 9 7845HX,72100000
AMD Ryzen 9 7940H,43093750
AMD Ryzen 9 7940HS,44712500
AMD Ryzen 9 7940HX,92225000
AMD Ryzen 9 7945HX,93362500
AMD Ryzen 9 7945HX3D,99093750
AMD Ryzen 9 8940HX,87718750
AMD Ryzen 9 8945H,43137500
AMD Ryzen 9 8945HS,41825000
AMD Ryzen 9 8945HX,89906250
AMD Ryzen 9 9850HX,81900000
AMD Ryzen 9 9955HX,95768750
AMD Ryzen 9 9955HX3D,105787500
AMD Ryzen 9 PRO 6950H,37537500
AMD Ryzen 9 PRO 6950HS,35700000
AMD Ryzen 9 PRO 7940HS,44843750
AMD Ryzen 9 PRO 8945HS,52850000
AMD Ryzen AI 5 330,7350000
AMD Ryzen AI 5 330 w/ Radeon 890M,8400000
AMD Ryzen AI 5 340,14568750
AMD Ryzen AI 5 430,8487500
AMD Ryzen AI 5 PRO 340,19381250
AMD Ryzen AI 7 350,18550000
AMD Ryzen AI 7 PRO 350,24018750
AMD Ryzen AI 7 PRO 360,22006250
AMD Ryzen AI 7 PRO 450,26600000
AMD Ryzen AI 9 365,24543750
AMD Ryzen AI 9 H 365,33206250
AMD Ryzen AI 9 HX 370,38587500
AMD Ryzen AI 9 HX 375,38456250
AMD Ryzen AI 9 HX 470,39506250
AMD Ryzen AI 9 HX PRO 370,42743750
AMD Ryzen AI 9 HX PRO 375,43662500
AMD Ryzen AI Max 385,30625000
AMD Ryzen AI Max 390,39987500
AMD Ryzen AI Max Pro 380,25593750
AMD Ryzen AI Max Pro 385,38368750
AMD Ryzen AI Max Pro 390,55300000
AMD Ryzen AI Max+ 395,56393750
AMD Ryzen AI Max+ Pro 395,71006250
AMD Ryzen Embedded R1305G,1575000
AMD Ryzen Embedded R1505G,2012500
AMD Ryzen Embedded V1202B,1881250
AMD Ryzen Embedded V1605B,3893750
AMD Ryzen Embedded V1807B,4593750
AMD Sempron M120,1137500
AMD Sempron SI-40,1137500
AMD Sempron SI-42,1137500
AMD Turion 64 Mobile MK-36,1093750
AMD Turion 64 Mobile MK-38,1093750
AMD Turion 64 Mobile ML-28,1093750
AMD Turion 64 Mobile ML-30,1093750
AMD Turion 64 Mobile ML-32,1093750
AMD Turion 64 Mobile ML-34,1093750
AMD Turion 64 Mobile ML-37,1093750
AMD Turion 64 Mobile ML-40,1093750
AMD Turion 64 Mobile ML-42,1093750
AMD Turion 64 Mobile ML-44,1093750
AMD Turion 64 Mobile MT-30,1093750
AMD Turion 64 Mobile MT-32,1093750
AMD Turion 64 Mobile MT-34,1093750
AMD Turion 64 Mobile MT-37,1093750
AMD Turion 64 X2 Mobile TL-50,1093750
AMD Turion 64 X2 Mobile TL-52,1093750
AMD Turion 64 X2 Mobile TL-56,1093750
AMD Turion 64 X2 Mobile TL-58,1093750
AMD Turion 64 X2 Mobile TL-60,1093750
AMD Turion 64 X2 Mobile TL-62,1093750
AMD Turion 64 X2 Mobile TL-64,1093750
AMD Turion 64 X2 Mobile TL-66,1093750
AMD Turion 64 X2 Mobile TL-68,1093750
AMD Turion Dual-Core RM-70,1093750
AMD Turion Dual-Core RM-72,1093750
AMD Turion Dual-Core RM-74,1093750
AMD Turion Dual-Core RM-75,1093750
AMD Turion II Dual-Core Mobile M500,1093750
AMD Turion II Dual-Core Mobile M520,1093750
AMD Turion II Dual-Core Mobile M540,1137500
AMD Turion II N530 Dual-Core,1093750
AMD Turion II N550 Dual-Core,1093750
AMD Turion II Neo K625 Dual-Core,1093750
AMD Turion II Neo K685 Dual-Core,1093750
AMD Turion II Neo N40L Dual-Core,1093750
AMD Turion II Neo N54L Dual-Core,1093750
AMD Turion II P520 Dual-Core,1093750
AMD Turion II P540 Dual-Core,1137500
AMD Turion II P560 Dual-Core,1137500
AMD Turion II Ultra Dual-Core Mobile M600,1137500
AMD Turion II Ultra Dual-Core Mobile M620,1093750
AMD Turion II Ultra Dual-Core Mobile M640,1137500
AMD Turion II Ultra Dual-Core Mobile M660,1137500
AMD Turion Neo X2 Dual Core L625,1093750
AMD Turion X2 Dual Core L510,1093750
AMD Turion X2 Dual Core Mobile RM-70,1093750
AMD Turion X2 Dual Core Mobile RM-76,1093750
AMD Turion X2 Dual-Core Mobile RM-70,1093750
AMD Turion X2 Dual-Core Mobile RM-72,1093750
AMD Turion X2 Dual-Core Mobile RM-74,1093750
AMD Turion X2 Dual-Core Mobile RM-75,1093750
AMD Turion X2 Dual-Core Mobile RM-76,1093750
AMD Turion X2 Dual-Core Mobile RM-77,1093750
AMD Turion X2 Ultra Dual-Core Mobile ZM-80,1093750
AMD Turion X2 Ultra Dual-Core Mobile ZM-82,1093750
AMD Turion X2 Ultra Dual-Core Mobile ZM-84,1093750
AMD Turion X2 Ultra Dual-Core Mobile ZM-85,1093750
AMD Turion X2 Ultra Dual-Core Mobile ZM-86,1093750
AMD Turion X2 Ultra Dual-Core Mobile ZM-87,1093750
AMD TurionX2 Dual Core Mobile RM-70,1093750
AMD TurionX2 Dual Core Mobile RM-72,1093750
AMD TurionX2 Ultra DualCore Mobile ZM-85,1093750
AMD V105,1093750
AMD V120,1093750
AMD V140,1093750
AMD V160,1093750
AMD Z-60 APU,1093750
ARM Cortex-A78 4 Core 2000 MHz,2318750
ARM Cortex-A78 8 Core,2625000
Apple M1 8 Core 3200 MHz,14525000
Apple M1 Max 10 Core 3200 MHz,42306250
Apple M1 Pro 10 Core 3200 MHz,31018750
Apple M1 Pro 8 Core 3200 MHz,23187500
Apple M2 8 Core 3500 MHz,18068750
Apple M2 Max 12 Core 3680 MHz,58800000
Apple M2 Pro 10 Core 3480 MHz,33293750
Apple M2 Pro 12 Core 3480 MHz,43750000
Apple M3 8 Core,20650000
Apple M3 Max 14 Core,87631250
Apple M3 Max 16 Core,102418750
Apple M3 Pro 11 Core,33075000
Apple M3 Pro 12 Core,31981250
Apple M4 10 Core,27606250
Apple M4 Max 14 Core,94893750
Apple M4 Max 16 Core,112131250
Apple M4 Pro 12 Core,57575000
Apple M4 Pro 14 Core,67725000
CIX P1 CD8180,6387500
Celeron Dual-Core T3000 @ 1.80GHz,1225000
Celeron Dual-Core T3100 @ 1.90GHz,1225000
Celeron Dual-Core T3300 @ 2.00GHz,1225000
Celeron Dual-Core T3500 @ 2.10GHz,1268750
Fabrikams XY9 @ 3.15 GHz,5250000
Intel Atom C2338 @ 1.74GHz,1093750
Intel Atom C2358 @ 1.74GHz,1093750
Intel Atom C2538 @ 2.40GHz,1312500
Intel Atom C2558 @ 2.40GHz,1443750
Intel Atom C2758 @ 2.40GHz,1881250
Intel Atom D2701 @ 2.13GHz,1312500
Intel Atom E3826 @ 1.46GHz,1093750
Intel Atom E3827 @ 1.74GHz,1093750
Intel Atom E3900 @ 1.60GHz,1618750
Intel Atom N2100 @ 1.60GHz,1093750
Intel Atom N2600 @ 1.60GHz,1093750
Intel Atom N270 @ 1.60GHz,1093750
Intel Atom N280 @ 1.66GHz,1093750
Intel Atom N2800 @ 1.86GHz,1093750
Intel Atom N450 @ 1.66GHz,1093750
Intel Atom N455 @ 1.66GHz,1093750
Intel Atom N470 @ 1.83GHz,1093750
Intel Atom N475 @ 1.83GHz,1093750
Intel Atom N550 @ 1.50GHz,1093750
Intel Atom N570 @ 1.66GHz,1093750
Intel Atom T5700 @ 1.70GHz,1487500
Intel Atom Z2760 @ 1.80GHz,1093750
Intel Atom Z3580 @ 1.33GHz,1137500
Intel Atom Z3735D @ 1.33GHz,1093750
Intel Atom Z3735E @ 1.33GHz,1093750
Intel Atom Z3735F @ 1.33GHz,1093750
Intel Atom Z3735G @ 1.33GHz,1093750
Intel Atom Z3736F @ 1.33GHz,1093750
Intel Atom Z3740 @ 1.33GHz,1093750
Intel Atom Z3740D @ 1.33GHz,1093750
Intel Atom Z3745 @ 1.33GHz,1093750
Intel Atom Z3745D @ 1.33GHz,1093750
Intel Atom Z3770 @ 1.46GHz,1093750
Intel Atom Z3770D @ 1.49GHz,1093750
Intel Atom Z3775 @ 1.46GHz,1093750
Intel Atom Z3775D @ 1.49GHz,1137500
Intel Atom Z3795 @ 1.60GHz,1268750
Intel Atom Z520 @ 1.33GHz,1093750
Intel Atom Z530 @ 1.60GHz,1093750
Intel Atom Z670 @ 1.50GHz,1093750
Intel Atom x5-E3930 @ 1.30GHz,1093750
Intel Atom x5-E3940 @ 1.60GHz,1400000
Intel Atom x5-E8000 @ 1.04GHz,1181250
Intel Atom x5-Z8300 @ 1.44GHz,1137500
Intel Atom x5-Z8330 @ 1.44GHz,1137500
Intel Atom x5-Z8350 @ 1.44GHz,1181250
Intel Atom x5-Z8500 @ 1.44GHz,1268750
Intel Atom x5-Z8550 @ 1.44GHz,1225000
Intel Atom x7-E3950 @ 1.60GHz,1662500
Intel Atom x7-Z8700 @ 1.60GHz,1268750
Intel Atom x7-Z8750 @ 1.60GHz,1268750
Intel Celeron 1000M @ 1.80GHz,1093750
Intel Celeron 1005M @ 1.90GHz,1093750
Intel Celeron 1007U @ 1.50GHz,1093750
Intel Celeron 1017U @ 1.60GHz,1093750
Intel Celeron 1020E @ 2.20GHz,1093750
Intel Celeron 1020M @ 2.10GHz,1093750
Intel Celeron 1037U @ 1.80GHz,1093750
Intel Celeron 2000E @ 2.20GHz,1093750
Intel Celeron 2002E @ 1.50GHz,1093750
Intel Celeron 215 @ 1.33GHz,1093750
Intel Celeron 2950M @ 2.00GHz,1093750
Intel Celeron 2955U @ 1.40GHz,1093750
Intel Celeron 2957U @ 1.40GHz,1093750
Intel Celeron 2961Y @ 1.10GHz,1093750
Intel Celeron 2970M @ 2.20GHz,1093750
Intel Celeron 2980U @ 1.60GHz,1093750
Intel Celeron 2981U @ 1.60GHz,1093750
Intel Celeron 3205U @ 1.50GHz,1093750
Intel Celeron 3215U @ 1.70GHz,1093750
Intel Celeron 3755U @ 1.70GHz,1093750
Intel Celeron 3765U @ 1.90GHz,1093750
Intel Celeron 3855U @ 1.60GHz,1093750
Intel Celeron 3865U @ 1.80GHz,1093750
Intel Celeron 3867U @ 1.80GHz,1093750
Intel Celeron 3955U @ 2.00GHz,1093750
Intel Celeron 3965U @ 2.20GHz,1093750
Intel Celeron 3965Y @ 1.50GHz,1093750
Intel Celeron 4205U @ 1.80GHz,1093750
Intel Celeron 4305UE @ 2.00GHz,1093750
Intel Celeron 5205U @ 1.90GHz,1093750
Intel Celeron 530 @ 1.73GHz,1093750
Intel Celeron 5305U @ 2.30GHz,1093750
Intel Celeron 540 @ 1.86GHz,1093750
Intel Celeron 550 @ 2.00GHz,1093750
Intel Celeron 560 @ 2.13GHz,1093750
Intel Celeron 570 @ 2.26GHz,1093750
Intel Celeron 6305 @ 1.80GHz,1093750
Intel Celeron 6600HLE @ 2.60GHz,1093750
Intel Celeron 723 @ 1.20GHz,1093750
Intel Celeron 7305,1093750
Intel Celeron 743 @ 1.30GHz,1093750
Intel Celeron 807 @ 1.50GHz,1093750
Intel Celeron 807UE @ 1.00GHz,1093750
Intel Celeron 827E @ 1.40GHz,1093750
Intel Celeron 847 @ 1.10GHz,1093750
Intel Celeron 847E @ 1.10GHz,1093750
Intel Celeron 857 @ 1.20GHz,1093750
Intel Celeron 867 @ 1.30GHz,1093750
Intel Celeron 877 @ 1.40GHz,1093750
Intel Celeron 887 @ 1.50GHz,1093750
Intel Celeron 900 @ 2.20GHz,1093750
Intel Celeron 925 @ 2.30GHz,1093750
Intel Celeron B710 @ 1.60GHz,1093750
Intel Celeron B800 @ 1.50GHz,1093750
Intel Celeron B810 @ 1.60GHz,1093750
Intel Celeron B815 @ 1.60GHz,1093750
Intel Celeron B820 @ 1.70GHz,1093750
Intel Celeron B830 @ 1.80GHz,1093750
Intel Celeron B840 @ 1.90GHz,1093750
Intel Celeron G3900E @ 2.40GHz,1093750
Intel Celeron G3900TE @ 2.30GHz,1093750
Intel Celeron J3355 @ 2.00GHz,1093750
Intel Celeron M 1.00GHz,1093750
Intel Celeron M 1.30GHz,1093750
Intel Celeron M 1.50GHz,1093750
Intel Celeron M 1.60GHz,1093750
Intel Celeron M 1.70GHz,1093750
Intel Celeron M 1300MHz,1093750
Intel Celeron M 1500MHz,1093750
Intel Celeron M 360 1.40GHz,1093750
Intel Celeron M 410 @ 1.46GHz,1093750
Intel Celeron M 420 @ 1.60GHz,1093750
Intel Celeron M 430 @ 1.73GHz,1093750
Intel Celeron M 440 @ 1.86GHz,1093750
Intel Celeron M 443 @ 1.20GHz,1093750
Intel Celeron M 450 @ 2.00GHz,1093750
Intel Celeron M 520 @ 1.60GHz,1093750
Intel Celeron M 530 @ 1.73GHz,1093750
Intel Celeron M 723 @ 1.20GHz,1093750
Intel Celeron M 900MHz,1093750
Intel Celeron N2805 @ 1.46GHz,1093750
Intel Celeron N2806 @ 1.60GHz,1093750
Intel Celeron N2807 @ 1.58GHz,1093750
Intel Celeron N2808 @ 1.58GHz,1093750
Intel Celeron N2810 @ 2.00GHz,1093750
Intel Celeron N2815 @ 1.86GHz,1093750
Intel Celeron N2820 @ 2.13GHz,1093750
Intel Celeron N2830 @ 2.16GHz,1093750
Intel Celeron N2840 @ 2.16GHz,1093750
Intel Celeron N2910 @ 1.60GHz,1093750
Intel Celeron N2920 @ 1.86GHz,1093750
Intel Celeron N2930 @ 1.83GHz,1093750
Intel Celeron N2940 @ 1.83GHz,1093750
Intel Celeron N3000 @ 1.04GHz,1093750
Intel Celeron N3010 @ 1.04GHz,1093750
Intel Celeron N3050 @ 1.60GHz,1093750
Intel Celeron N3060 @ 1.60GHz,1093750
Intel Celeron N3150 @ 1.60GHz,1093750
Intel Celeron N3160 @ 1.60GHz,1093750
Intel Celeron N3350 @ 1.10GHz,1093750
Intel Celeron N3450 @ 1.10GHz,1093750
Intel Celeron N4000 @ 1.10GHz,1093750
Intel Celeron N4000C @ 1.10GHz,1093750
Intel Celeron N4020 @ 1.10GHz,1093750
Intel Celeron N4020C @ 1.10GHz,1093750
Intel Celeron N4100 @ 1.10GHz,1181250
Intel Celeron N4120 @ 1.10GHz,1268750
Intel Celeron N5100 @ 1.10GHz,1487500
Intel Celeron P4500 @ 1.87GHz,1093750
Intel Celeron P4505 @ 1.87GHz,1093750
Intel Celeron P4600 @ 2.00GHz,1093750
Intel Celeron SU2300 @ 1.20GHz,1093750
Intel Celeron T1600 @ 1.66GHz,1093750
Intel Celeron U3400 @ 1.07GHz,1093750
Intel Celeron U3600 @ 1.20GHz,1093750
Intel Core 3 100U,8443750
Intel Core 5 210H,17850000
Intel Core 5 220H,10412500
Intel Core 5 220U,4900000
Intel Core 7 150U,7393750
Intel Core 7 250H,17500000
Intel Core 7 250U,7481250
Intel Core 9 270H,25156250
Intel Core Duo L2400 @ 1.66GHz,1093750
Intel Core Duo L2500 @ 1.83GHz,1093750
Intel Core Duo T2250 @ 1.73GHz,1093750
Intel Core Duo T2300 @ 1.66GHz,1093750
Intel Core Duo T2350 @ 1.86GHz,1093750
Intel Core Duo T2400 @ 1.83GHz,1093750
Intel Core Duo T2450 @ 2.00GHz,1093750
Intel Core Duo T2500 @ 2.00GHz,1093750
Intel Core Duo T2600 @ 2.16GHz,1093750
Intel Core Duo T2700 @ 2.33GHz,1093750
Intel Core Duo U2400 @ 1.06GHz,1093750
Intel Core Duo U2500 @ 1.20GHz,1093750
Intel Core M-5Y10 @ 0.80GHz,1356250
Intel Core M-5Y10a @ 0.80GHz,1443750
Intel Core M-5Y10c @ 0.80GHz,1443750
Intel Core M-5Y31 @ 0.90GHz,1225000
Intel Core M-5Y51 @ 1.10GHz,1487500
Intel Core M-5Y70 @ 1.10GHz,1443750
Intel Core M-5Y71 @ 1.20GHz,1093750
Intel Core Solo T1300 @ 1.66GHz,1181250
Intel Core Solo T1350 @ 1.86GHz,1181250
Intel Core Solo T1400 @ 1.83GHz,1225000
Intel Core Solo U1300 @ 1.06GHz,1093750
Intel Core Solo U1400 @ 1.20GHz,1093750
Intel Core Solo U1500 @ 1.33GHz,1093750
Intel Core Ultra 5 115U,7918750
Intel Core Ultra 5 125H,24018750
Intel Core Ultra 5 125U,14481250
Intel Core Ultra 5 134U,10937500
Intel Core Ultra 5 135H,26906250
Intel Core Ultra 5 135U,15050000
Intel Core Ultra 5 225H,16887500
Intel Core Ultra 5 225U,7481250
Intel Core Ultra 5 226V,12206250
Intel Core Ultra 5 228V,14131250
Intel Core Ultra 5 235H,17543750
Intel Core Ultra 5 235HX,26206250
Intel Core Ultra 5 235U,7043750
Intel Core Ultra 7 155H,19118750
Intel Core Ultra 7 155U,9187500
Intel Core Ultra 7 164U,5906250
Intel Core Ultra 7 165H,20431250
Intel Core Ultra 7 165U,9581250
Intel Core Ultra 7 255HX,46375000
Intel Core Ultra 7 255U,10150000
Intel Core Ultra 7 256V,13125000
Intel Core Ultra 7 258V,15400000
Intel Core Ultra 7 265H,30581250
Intel Core Ultra 7 265HX,46025000
Intel Core Ultra 7 265U,10150000
Intel Core Ultra 7 266V,12906250
Intel Core Ultra 9 185H,29618750
Intel Core Ultra 9 275HX,63393750
Intel Core Ultra 9 285HX,64925000
Intel Core Ultra 9 288V,16362500
Intel Core Ultra X7 358H,32900000
Intel Core i3-1000NG4 @ 1.10GHz,2187500
Intel Core i3-1005G1 @ 1.20GHz,2493750
Intel Core i3-10100T @ 3.00GHz,4331250
Intel Core i3-10110U @ 2.10GHz,2187500
Intel Core i3-10110Y @ 1.00GHz,2187500
Intel Core i3-1025G1 @ 1.20GHz,3675000
Intel Core i3-1115G4 @ 3.00GHz,3018750
Intel Core i3-1125G4 @ 2.00GHz,5643750
Intel Core i3-12100TE,6081250
Intel Core i3-1210U,3806250
Intel Core i3-1215U,4681250
Intel Core i3-1220P,8443750
Intel Core i3-1305U,4068750
Intel Core i3-1315U,5775000
Intel Core i3-2310E @ 2.10GHz,2187500
Intel Core i3-2310M @ 2.10GHz,2187500
Intel Core i3-2312M @ 2.10GHz,2187500
Intel Core i3-2328M @ 2.20GHz,2187500
Intel Core i3-2330M @ 2.20GHz,2187500
Intel Core i3-2332M @ 2.20GHz,2187500
Intel Core i3-2340UE @ 1.30GHz,2187500
Intel Core i3-2348M @ 2.30GHz,2187500
Intel Core i3-2350M @ 2.30GHz,2187500
Intel Core i3-2357M @ 1.30GHz,2187500
Intel Core i3-2365M @ 1.40GHz,2187500
Intel Core i3-2367M @ 1.40GHz,2187500
Intel Core i3-2370M @ 2.40GHz,2187500
Intel Core i3-2375M @ 1.50GHz,2187500
Intel Core i3-2377M @ 1.50GHz,2187500
Intel Core i3-3110M @ 2.40GHz,2187500
Intel Core i3-3120M @ 2.50GHz,2187500
Intel Core i3-3130M @ 2.60GHz,2187500
Intel Core i3-3217U @ 1.80GHz,2187500
Intel Core i3-3217UE @ 1.60GHz,2187500
Intel Core i3-3227U @ 1.90GHz,2187500
Intel Core i3-330E @ 2.13GHz,2187500
Intel Core i3-330M @ 2.13GHz,2187500
Intel Core i3-330UM @ 1.20GHz,2187500
Intel Core i3-350M @ 2.27GHz,2187500
Intel Core i3-370M @ 2.40GHz,2187500
Intel Core i3-380M @ 2.53GHz,2187500
Intel Core i3-380UM @ 1.33GHz,2187500
Intel Core i3-390M @ 2.67GHz,2187500
Intel Core i3-4000M @ 2.40GHz,2187500
Intel Core i3-4005U @ 1.70GHz,2187500
Intel Core i3-4010U @ 1.70GHz,2187500
Intel Core i3-4012Y @ 1.50GHz,2187500
Intel Core i3-4025U @ 1.90GHz,2187500
Intel Core i3-4030U @ 1.90GHz,2187500
Intel Core i3-4030Y @ 1.60GHz,2187500
Intel Core i3-4100M @ 2.50GHz,2187500
Intel Core i3-4110M @ 2.60GHz,2187500
Intel Core i3-4110U @ 1.90GHz,2187500
Intel Core i3-4120U @ 2.00GHz,2187500
Intel Core i3-4158U @ 2.00GHz,2187500
Intel Core i3-4350T @ 3.10GHz,2187500
Intel Core i3-5005U @ 2.00GHz,2187500
Intel Core i3-5010U @ 2.10GHz,2187500
Intel Core i3-5015U @ 2.10GHz,2187500
Intel Core i3-5020U @ 2.20GHz,2187500
Intel Core i3-5157U @ 2.50GHz,2187500
Intel Core i3-6006U @ 2.00GHz,2187500
Intel Core i3-6100E @ 2.70GHz,2187500
Intel Core i3-6100H @ 2.70GHz,2187500
Intel Core i3-6100U @ 2.30GHz,2187500
Intel Core i3-6102E @ 1.90GHz,2187500
Intel Core i3-6157U @ 2.40GHz,2187500
Intel Core i3-6167U @ 2.70GHz,2187500
Intel Core i3-7020U @ 2.30GHz,2187500
Intel Core i3-7100H @ 3.00GHz,2187500
Intel Core i3-7100U @ 2.40GHz,2187500
Intel Core i3-7102E @ 2.10GHz,2187500
Intel Core i3-7130U @ 2.70GHz,2187500
Intel Core i3-7167U @ 2.80GHz,2187500
Intel Core i3-8100B @ 3.60GHz,3762500
Intel Core i3-8109U @ 3.00GHz,2231250
Intel Core i3-8121U @ 2.20GHz,2406250
Intel Core i3-8130U @ 2.20GHz,2187500
Intel Core i3-8140U @ 2.10GHz,2318750
Intel Core i3-8145U @ 2.10GHz,2275000
Intel Core i3-8145UE @ 2.20GHz,2362500
Intel Core i3-9100TE @ 2.20GHz,2843750
Intel Core i3-9100 @ 3.60GHz,4156250
Intel Core i3-N300,2187500
Intel Core i3-N305,2668750
Intel Core i5-10200H @ 2.40GHz,5862500
Intel Core i5-10210U @ 1.60GHz,4550000
Intel Core i5-10210Y @ 1.00GHz,4375000
Intel Core i5-10300H @ 2.50GHz,5993750
Intel Core i5-1030NG7 @ 1.10GHz,4375000
Intel Core i5-10310U @ 1.70GHz,4462500
Intel Core i5-1035G1 @ 1.00GHz,5293750
Intel Core i5-1035G4 @ 1.10GHz,5643750
Intel Core i5-1035G7 @ 1.20GHz,5862500
Intel Core i5-1038NG7 @ 2.00GHz,6431250
Intel Core i5-10400H @ 2.60GHz,6037500
Intel Core i5-10500H @ 2.50GHz,8618750
Intel Core i5-10500TE @ 2.30GHz,6475000
Intel Core i5-11260H @ 2.60GHz,15575000
Intel Core i5-11300H @ 3.10GHz,9143750
Intel Core i5-1130G7 @ 1.10GHz,6606250
Intel Core i5-11320H @ 3.20GHz,9275000
Intel Core i5-1135G7 @ 2.40GHz,7481250
Intel Core i5-11400H @ 2.70GHz,16100000
Intel Core i5-1145G7 @ 2.60GHz,7393750
Intel Core i5-11500H @ 2.90GHz,15050000
Intel Core i5-1155G7 @ 2.50GHz,7000000
Intel Core i5-1230U,6081250
Intel Core i5-1235U,8531250
Intel Core i5-1240P,14087500
Intel Core i5-1240U,9756250
Intel Core i5-12450H,16231250
Intel Core i5-12450HX,19950000
Intel Core i5-1245U,8837500
Intel Core i5-12500H,20650000
Intel Core i5-12500HL,23625000
Intel Core i5-12500TE,14175000
Intel Core i5-1250P,16668750
Intel Core i5-12600H,21000000
Intel Core i5-12600HX,25681250
Intel Core i5-1334U,9625000
Intel Core i5-1335U,10500000
Intel Core i5-1340P,16975000
Intel Core i5-13420H,18112500
Intel Core i5-13450HX,27606250
Intel Core i5-1345U,10718750
Intel Core i5-13500H,22312500
Intel Core i5-13500HX,32550000
Intel Core i5-1350P,17150000
Intel Core i5-13600H,24325000
Intel Core i5-13600HX,31893750
Intel Core i5-14500HX,33425000
Intel Core i5-2410M @ 2.30GHz,4375000
Intel Core i5-2430M @ 2.40GHz,4375000
Intel Core i5-2435M @ 2.40GHz,4375000
Intel Core i5-2450M @ 2.50GHz,4375000
Intel Core i5-2467M @ 1.60GHz,4375000
Intel Core i5-2510E @ 2.50GHz,4375000
Intel Core i5-2520M @ 2.50GHz,4375000
Intel Core i5-2537M @ 1.40GHz,4375000
Intel Core i5-2540M @ 2.60GHz,4375000
Intel Core i5-2557M @ 1.70GHz,4375000
Intel Core i5-2560M @ 2.70GHz,4375000
Intel Core i5-3210M @ 2.50GHz,4375000
Intel Core i5-3230M @ 2.60GHz,4375000
Intel Core i5-3317U @ 1.70GHz,4375000
Intel Core i5-3320M @ 2.60GHz,4375000
Intel Core i5-3337U @ 1.80GHz,4375000
Intel Core i5-3340M @ 2.70GHz,4375000
Intel Core i5-3360M @ 2.80GHz,4375000
Intel Core i5-3380M @ 2.90GHz,4375000
Intel Core i5-3427U @ 1.80GHz,4375000
Intel Core i5-3437U @ 1.90GHz,4375000
Intel Core i5-3610ME @ 2.70GHz,4375000
Intel Core i5-4200M @ 2.50GHz,4375000
Intel Core i5-4200U @ 1.60GHz,4375000
Intel Core i5-4210H @ 2.90GHz,4375000
Intel Core i5-4210M @ 2.60GHz,4375000
Intel Core i5-4210U @ 1.70GHz,4375000
Intel Core i5-4220Y @ 1.60GHz,4375000
Intel Core i5-4230U @ 1.90GHz,4375000
Intel Core i5-4250U @ 1.30GHz,4375000
Intel Core i5-4258U @ 2.40GHz,4375000
Intel Core i5-4260U @ 1.40GHz,4375000
Intel Core i5-4278U @ 2.60GHz,4375000
Intel Core i5-4288U @ 2.60GHz,4375000
Intel Core i5-4300M @ 2.60GHz,4375000
Intel Core i5-4300U @ 1.90GHz,4375000
Intel Core i5-4308U @ 2.80GHz,4375000
Intel Core i5-430M @ 2.27GHz,4375000
Intel Core i5-430UM @ 1.20GHz,4375000
Intel Core i5-4310M @ 2.70GHz,4375000
Intel Core i5-4310U @ 2.00GHz,4375000
Intel Core i5-4330M @ 2.80GHz,4375000
Intel Core i5-4340M @ 2.90GHz,4375000
Intel Core i5-4350U @ 1.40GHz,4375000
Intel Core i5-4402E @ 1.60GHz,4375000
Intel Core i5-4422E @ 1.80GHz,4375000
Intel Core i5-450M @ 2.40GHz,4375000
Intel Core i5-460M @ 2.53GHz,4375000
Intel Core i5-470UM @ 1.33GHz,4375000
Intel Core i5-480M @ 2.67GHz,4375000
Intel Core i5-5200U @ 2.20GHz,4375000
Intel Core i5-520M @ 2.40GHz,4375000
Intel Core i5-520UM @ 1.07GHz,4375000
Intel Core i5-5250U @ 1.60GHz,4375000
Intel Core i5-5257U @ 2.70GHz,4375000
Intel Core i5-5287U @ 2.90GHz,4375000
Intel Core i5-5300U @ 2.30GHz,4375000
Intel Core i5-5350U @ 1.80GHz,4375000
Intel Core i5-540M @ 2.53GHz,4375000
Intel Core i5-540UM @ 1.20GHz,4375000
Intel Core i5-560M @ 2.67GHz,4375000
Intel Core i5-560UM @ 1.33GHz,4375000
Intel Core i5-580M @ 2.67GHz,4375000
Intel Core i5-6198DU @ 2.30GHz,4375000
Intel Core i5-6200U @ 2.30GHz,4375000
Intel Core i5-6260U @ 1.80GHz,4375000
Intel Core i5-6267U @ 2.90GHz,4375000
Intel Core i5-6287U @ 3.10GHz,4375000
Intel Core i5-6300HQ @ 2.30GHz,4375000
Intel Core i5-6300U @ 2.40GHz,4375000
Intel Core i5-6350HQ @ 2.30GHz,4375000
Intel Core i5-6360U @ 2.00GHz,4375000
Intel Core i5-6440EQ @ 2.70GHz,4375000
Intel Core i5-6440HQ @ 2.60GHz,4375000
Intel Core i5-6442EQ @ 1.90GHz,4375000
Intel Core i5-7200U @ 2.50GHz,4375000
Intel Core i5-7260U @ 2.20GHz,4375000
Intel Core i5-7267U @ 3.10GHz,4375000
Intel Core i5-7287U @ 3.30GHz,4375000
Intel Core i5-7300HQ @ 2.50GHz,4375000
Intel Core i5-7300U @ 2.60GHz,4375000
Intel Core i5-7360U @ 2.30GHz,4375000
Intel Core i5-7440EQ @ 2.90GHz,4375000
Intel Core i5-7440HQ @ 2.80GHz,4375000
Intel Core i5-7442EQ @ 2.10GHz,4375000
Intel Core i5-7Y54 @ 1.20GHz,4375000
Intel Core i5-7Y57 @ 1.20GHz,4375000
Intel Core i5-8200Y @ 1.30GHz,4375000
Intel Core i5-8210Y @ 1.60GHz,4375000
Intel Core i5-8250U @ 1.60GHz,4375000
Intel Core i5-8257U @ 1.40GHz,4637500
Intel Core i5-8259U @ 2.30GHz,4900000
Intel Core i5-8260U @ 1.60GHz,4593750
Intel Core i5-8265U @ 1.60GHz,4375000
Intel Core i5-8265UC @ 1.60GHz,4375000
Intel Core i5-8269U @ 2.60GHz,4462500
Intel Core i5-8279U @ 2.40GHz,4681250
Intel Core i5-8300H @ 2.30GHz,4637500
Intel Core i5-8305G @ 2.80GHz,4506250
Intel Core i5-8350U @ 1.70GHz,4375000
Intel Core i5-8365U @ 1.60GHz,4375000
Intel Core i5-8365UE @ 1.60GHz,4375000
Intel Core i5-8400H @ 2.50GHz,4681250
Intel Core i5-8500B @ 3.00GHz,5775000
Intel Core i5-9300H @ 2.40GHz,4681250
Intel Core i5-9300HF @ 2.40GHz,4550000
Intel Core i5-9400F @ 2.90GHz,6125000
Intel Core i5-9400H @ 2.50GHz,4856250
Intel Core i5-9500TE @ 2.20GHz,5993750
Intel Core i5-L16G7 @ 1.40GHz,4375000
Intel Core i7-10510U @ 1.80GHz,8750000
Intel Core i7-10510Y @ 1.20GHz,8750000
Intel Core i7-1060NG7 @ 1.20GHz,8750000
Intel Core i7-10610U @ 1.80GHz,8750000
Intel Core i7-1065G7 @ 1.30GHz,8750000
Intel Core i7-1068NG7 @ 2.30GHz,8750000
Intel Core i7-10700E @ 2.90GHz,19643750
Intel Core i7-10700TE @ 2.00GHz,14831250
Intel Core i7-10710U @ 1.10GHz,8750000
Intel Core i7-10750H @ 2.60GHz,10806250
Intel Core i7-10810U @ 1.10GHz,8750000
Intel Core i7-10850H @ 2.70GHz,10937500
Intel Core i7-10870H @ 2.20GHz,15750000
Intel Core i7-10875H @ 2.30GHz,16537500
Intel Core i7-11370H @ 3.30GHz,11943750
Intel Core i7-11375H @ 3.30GHz,12250000
Intel Core i7-11390H @ 3.40GHz,8925000
Intel Core i7-11600H @ 2.90GHz,16975000
Intel Core i7-1160G7 @ 1.20GHz,8750000
Intel Core i7-1165G7 @ 2.80GHz,8750000
Intel Core i7-11800H @ 2.30GHz,22968750
Intel Core i7-1180G7 @ 1.30GHz,8750000
Intel Core i7-11850H @ 2.50GHz,23056250
Intel Core i7-1185G7 @ 3.00GHz,8750000
Intel Core i7-1185G7E @ 2.80GHz,8750000
Intel Core i7-1195G7 @ 2.90GHz,9012500
Intel Core i7-1250U,8750000
Intel Core i7-1255U,10368750
Intel Core i7-1260P,16625000
Intel Core i7-1260U,9537500
Intel Core i7-12650H,25156250
Intel Core i7-12650HX,27868750
Intel Core i7-1265U,10587500
Intel Core i7-1265UE,8750000
Intel Core i7-12700H,29531250
Intel Core i7-12700TE,21962500
Intel Core i7-1270P,16668750
Intel Core i7-12800H,27825000
Intel Core i7-12800HX,44012500
Intel Core i7-1280P,20168750
Intel Core i7-12850HX,42787500
Intel Core i7-1355U,12162500
Intel Core i7-1360P,19425000
Intel Core i7-13620H,28743750
Intel Core i7-13650HX,42393750
Intel Core i7-1365U,11856250
Intel Core i7-13700H,32462500
Intel Core i7-13700HX,47731250
Intel Core i7-13700TE,25593750
Intel Core i7-13705H,31587500
Intel Core i7-1370P,21000000
Intel Core i7-13800H,32900000
Intel Core i7-13850HX,55650000
Intel Core i7-14650HX,52062500
Intel Core i7-14700HX,56393750
Intel Core i7-2610UE @ 1.50GHz,8750000
Intel Core i7-2617M @ 1.50GHz,8750000
Intel Core i7-2620M @ 2.70GHz,8750000
Intel Core i7-2630QM @ 2.00GHz,8750000
Intel Core i7-2630UM @ 1.60GHz,8750000
Intel Core i7-2635QM @ 2.00GHz,8750000
Intel Core i7-2637M @ 1.70GHz,8750000
Intel Core i7-2640M @ 2.80GHz,8750000
Intel Core i7-2670QM @ 2.20GHz,8750000
Intel Core i7-2675QM @ 2.20GHz,8750000
Intel Core i7-2677M @ 1.80GHz,8750000
Intel Core i7-2710QE @ 2.10GHz,8750000
Intel Core i7-2715QE @ 2.10GHz,8750000
Intel Core i7-2720QM @ 2.20GHz,8750000
Intel Core i7-2760QM @ 2.40GHz,8750000
Intel Core i7-2820QM @ 2.30GHz,8750000
Intel Core i7-2840QM @ 2.40GHz,8750000
Intel Core i7-2860QM @ 2.50GHz,8750000
Intel Core i7-2920XM @ 2.50GHz,8750000
Intel Core i7-2960XM @ 2.70GHz,8750000
Intel Core i7-3517U @ 1.90GHz,8750000
Intel Core i7-3517UE @ 1.70GHz,8750000
Intel Core i7-3520M @ 2.90GHz,8750000
Intel Core i7-3537U @ 2.00GHz,8750000
Intel Core i7-3540M @ 3.00GHz,8750000
Intel Core i7-3555LE @ 2.50GHz,8750000
Intel Core i7-3610QE @ 2.30GHz,8750000
Intel Core i7-3610QM @ 2.30GHz,8750000
Intel Core i7-3612QE @ 2.10GHz,8750000
Intel Core i7-3612QM @ 2.10GHz,8750000
Intel Core i7-3615QE @ 2.30GHz,8750000
Intel Core i7-3615QM @ 2.30GHz,8750000
Intel Core i7-3630QM @ 2.40GHz,8750000
Intel Core i7-3632QM @ 2.20GHz,8750000
Intel Core i7-3635QM @ 2.40GHz,8750000
Intel Core i7-3667U @ 2.00GHz,8750000
Intel Core i7-3687U @ 2.10GHz,8750000
Intel Core i7-3689Y @ 1.50GHz,8750000
Intel Core i7-3720QM @ 2.60GHz,8750000
Intel Core i7-3740QM @ 2.70GHz,8750000
Intel Core i7-3820QM @ 2.70GHz,8750000
Intel Core i7-3840QM @ 2.80GHz,8750000
Intel Core i7-3920XM @ 2.90GHz,8750000
Intel Core i7-3940XM @ 3.00GHz,8750000
Intel Core i7-4500U @ 1.80GHz,8750000
Intel Core i7-4510U @ 2.00GHz,8750000
Intel Core i7-4550U @ 1.50GHz,8750000
Intel Core i7-4558U @ 2.80GHz,8750000
Intel Core i7-4560U @ 1.60GHz,8750000
Intel Core i7-4578U @ 3.00GHz,8750000
Intel Core i7-4600M @ 2.90GHz,8750000
Intel Core i7-4600U @ 2.10GHz,8750000
Intel Core i7-4610M @ 3.00GHz,8750000
Intel Core i7-4650U @ 1.70GHz,8750000
Intel Core i7-4700HQ @ 2.40GHz,8750000
Intel Core i7-4700MQ @ 2.40GHz,8750000
Intel Core i7-4702HQ @ 2.20GHz,8750000
Intel Core i7-4702MQ @ 2.20GHz,8750000
Intel Core i7-4710HQ @ 2.50GHz,8750000
Intel Core i7-4710MQ @ 2.50GHz,8750000
Intel Core i7-4712HQ @ 2.30GHz,8750000
Intel Core i7-4712MQ @ 2.30GHz,8750000
Intel Core i7-4720HQ @ 2.60GHz,8750000
Intel Core i7-4722HQ @ 2.40GHz,8750000
Intel Core i7-4750HQ @ 2.00GHz,8750000
Intel Core i7-4760HQ @ 2.10GHz,8750000
Intel Core i7-4770HQ @ 2.20GHz,8750000
Intel Core i7-4800MQ @ 2.70GHz,8750000
Intel Core i7-4810MQ @ 2.80GHz,8750000
Intel Core i7-4850HQ @ 2.30GHz,8750000
Intel Core i7-4860EQ @ 1.80GHz,8750000
Intel Core i7-4860HQ @ 2.40GHz,8750000
Intel Core i7-4870HQ @ 2.50GHz,8750000
Intel Core i7-4900MQ @ 2.80GHz,8750000
Intel Core i7-4910MQ @ 2.90GHz,8750000
Intel Core i7-4930MX @ 3.00GHz,8750000
Intel Core i7-4940MX @ 3.10GHz,8750000
Intel Core i7-4960HQ @ 2.60GHz,8750000
Intel Core i7-4980HQ @ 2.80GHz,8750000
Intel Core i7-5500U @ 2.40GHz,8750000
Intel Core i7-5550U @ 2.00GHz,8750000
Intel Core i7-5557U @ 3.10GHz,8750000
Intel Core i7-5600U @ 2.60GHz,8750000
Intel Core i7-5650U @ 2.20GHz,8750000
Intel Core i7-5700EQ @ 2.60GHz,8750000
Intel Core i7-5700HQ @ 2.70GHz,8750000
Intel Core i7-5850EQ @ 2.70GHz,8750000
Intel Core i7-5850HQ @ 2.70GHz,8750000
Intel Core i7-5950HQ @ 2.90GHz,8750000
Intel Core i7-610E @ 2.53GHz,8750000
Intel Core i7-620LM @ 2.00GHz,8750000
Intel Core i7-620M @ 2.67GHz,8750000
Intel Core i7-620UM @ 1.07GHz,8750000
Intel Core i7-640LM @ 2.13GHz,8750000
Intel Core i7-640M @ 2.80GHz,8750000
Intel Core i7-640UM @ 1.20GHz,8750000
Intel Core i7-6498DU @ 2.50GHz,8750000
Intel Core i7-6500U @ 2.50GHz,8750000
Intel Core i7-6560U @ 2.20GHz,8750000
Intel Core i7-6567U @ 3.30GHz,8750000
Intel Core i7-6600U @ 2.60GHz,8750000
Intel Core i7-660UM @ 1.33GHz,8750000
Intel Core i7-6650U @ 2.20GHz,8750000
Intel Core i7-6660U @ 2.40GHz,8750000
Intel Core i7-6700HQ @ 2.60GHz,8750000
Intel Core i7-6770HQ @ 2.60GHz,8750000
Intel Core i7-680UM @ 1.47GHz,8750000
Intel Core i7-6820EQ @ 2.80GHz,8750000
Intel Core i7-6820HK @ 2.70GHz,8750000
Intel Core i7-6820HQ @ 2.70GHz,8750000
Intel Core i7-6822EQ @ 2.00GHz,8750000
Intel Core i7-6920HQ @ 2.90GHz,8750000
Intel Core i7-6970HQ @ 2.80GHz,8750000
Intel Core i7-720QM @ 1.60GHz,8750000
Intel Core i7-740QM @ 1.73GHz,8750000
Intel Core i7-7500U @ 2.70GHz,8750000
Intel Core i7-7560U @ 2.40GHz,8750000
Intel Core i7-7567U @ 3.50GHz,8750000
Intel Core i7-7600U @ 2.80GHz,8750000
Intel Core i7-7660U @ 2.50GHz,8750000
Intel Core i7-7700HQ @ 2.80GHz,8750000
Intel Core i7-7820EQ @ 3.00GHz,8750000
Intel Core i7-7820HK @ 2.90GHz,8750000
Intel Core i7-7820HQ @ 2.90GHz,8750000
Intel Core i7-7920HQ @ 3.10GHz,8750000
Intel Core i7-7Y75 @ 1.30GHz,8750000
Intel Core i7-820QM @ 1.73GHz,8750000
Intel Core i7-840QM @ 1.87GHz,8750000
Intel Core i7-8500Y @ 1.50GHz,8750000
Intel Core i7-8550U @ 1.80GHz,8750000
Intel Core i7-8557U @ 1.70GHz,8750000
Intel Core i7-8559U @ 2.70GHz,8750000
Intel Core i7-8565U @ 1.80GHz,8750000
Intel Core i7-8565UC @ 1.80GHz,8750000
Intel Core i7-8569U @ 2.80GHz,8750000
Intel Core i7-8650U @ 1.90GHz,8750000
Intel Core i7-8665U @ 1.90GHz,8750000
Intel Core i7-8665UE @ 1.70GHz,8750000
Intel Core i7-8700B @ 3.20GHz,10018750
Intel Core i7-8705G @ 3.10GHz,8750000
Intel Core i7-8706G @ 3.10GHz,8750000
Intel Core i7-8709G @ 3.10GHz,8750000
Intel Core i7-8750H @ 2.20GHz,8750000
Intel Core i7-8809G @ 3.10GHz,8750000
Intel Core i7-8850H @ 2.60GHz,8750000
Intel Core i7-920XM @ 2.00GHz,8750000
Intel Core i7-940XM @ 2.13GHz,8750000
Intel Core i7-9700TE @ 1.80GHz,8750000
Intel Core i7-9750H @ 2.60GHz,8750000
Intel Core i7-9750HF @ 2.60GHz,8750000
Intel Core i7-9850H @ 2.60GHz,8750000
Intel Core i7-9850HL @ 1.90GHz,8750000
Intel Core i9-10880H @ 2.30GHz,19600000
Intel Core i9-10885H @ 2.40GHz,19950000
Intel Core i9-10980HK @ 2.40GHz,21437500
Intel Core i9-11900H @ 2.50GHz,28218750
Intel Core i9-11950H @ 2.60GHz,29093750
Intel Core i9-11980HK @ 2.60GHz,31456250
Intel Core i9-12900H,39462500
Intel Core i9-12900HK,36312500
Intel Core i9-12900HX,57968750
Intel Core i9-12950HX,53725000
Intel Core i9-13900H,42262500
Intel Core i9-13900HK,41387500
Intel Core i9-13900HX,77218750
Intel Core i9-13905H,47556250
Intel Core i9-13950HX,75031250
Intel Core i9-13980HX,83125000
Intel Core i9-14900HX,80806250
Intel Core i9-8950HK @ 2.90GHz,13125000
Intel Core i9-9880H @ 2.30GHz,15356250
Intel Core i9-9980HK @ 2.40GHz,16143750
Intel Core m3-6Y30 @ 0.90GHz,1312500
Intel Core m3-7Y30 @ 1.00GHz,1181250
Intel Core m3-7Y32 @ 1.10GHz,1793750
Intel Core m3-8100Y @ 1.10GHz,1837500
Intel Core m5-6Y54 @ 1.10GHz,1618750
Intel Core m5-6Y57 @ 1.10GHz,1618750
Intel Core m5-7Y54 @ 1.20GHz,1093750
Intel Core m7-6Y75 @ 1.20GHz,1137500
Intel Core2 Duo E8135 @ 2.66GHz,1487500
Intel Core2 Duo E8235 @ 2.80GHz,1137500
Intel Core2 Duo E8335 @ 2.66GHz,1137500
Intel Core2 Duo E8335 @ 2.93GHz,1137500
Intel Core2 Duo E8435 @ 3.06GHz,1137500
Intel Core2 Duo L7100 @ 1.20GHz,1181250
Intel Core2 Duo L7300 @ 1.40GHz,1093750
Intel Core2 Duo L7400 @ 1.50GHz,1093750
Intel Core2 Duo L7500 @ 1.60GHz,1093750
Intel Core2 Duo L7700 @ 1.80GHz,1093750
Intel Core2 Duo L9300 @ 1.60GHz,1093750
Intel Core2 Duo L9600 @ 2.13GHz,1400000
Intel Core2 Duo P7350 @ 2.00GHz,1093750
Intel Core2 Duo P7370 @ 2.00GHz,1093750
Intel Core2 Duo P7450 @ 2.13GHz,1400000
Intel Core2 Duo P7550 @ 2.26GHz,1093750
Intel Core2 Duo P7570 @ 2.26GHz,1093750
Intel Core2 Duo P8400 @ 2.26GHz,1093750
Intel Core2 Duo P8600 @ 2.40GHz,1093750
Intel Core2 Duo P8700 @ 2.53GHz,1137500
Intel Core2 Duo P8800 @ 2.66GHz,1093750
Intel Core2 Duo P9300 @ 2.26GHz,1137500
Intel Core2 Duo P9500 @ 2.53GHz,1137500
Intel Core2 Duo P9600 @ 2.53GHz,1137500
Intel Core2 Duo P9600 @ 2.66GHz,1137500
Intel Core2 Duo P9700 @ 2.80GHz,1181250
Intel Core2 Duo SL9400 @ 1.86GHz,1093750
Intel Core2 Duo SP9400 @ 2.40GHz,1093750
Intel Core2 Duo SU9400 @ 1.40GHz,1093750
Intel Core2 Duo T5200 @ 1.60GHz,1093750
Intel Core2 Duo T5250 @ 1.50GHz,1093750
Intel Core2 Duo T5270 @ 1.40GHz,1093750
Intel Core2 Duo T5300 @ 1.73GHz,1093750
Intel Core2 Duo T5450 @ 1.66GHz,1093750
Intel Core2 Duo T5470 @ 1.60GHz,1093750
Intel Core2 Duo T5500 @ 1.66GHz,1093750
Intel Core2 Duo T5550 @ 1.83GHz,1093750
Intel Core2 Duo T5600 @ 1.83GHz,1093750
Intel Core2 Duo T5670 @ 1.80GHz,1093750
Intel Core2 Duo T5750 @ 2.00GHz,1093750
Intel Core2 Duo T5800 @ 2.00GHz,1093750
Intel Core2 Duo T5850 @ 2.16GHz,1093750
Intel Core2 Duo T5870 @ 2.00GHz,1093750
Intel Core2 Duo T5900 @ 2.20GHz,1093750
Intel Core2 Duo T6400 @ 2.00GHz,1093750
Intel Core2 Duo T6500 @ 2.10GHz,1268750
Intel Core2 Duo T6570 @ 2.10GHz,1268750
Intel Core2 Duo T6600 @ 2.20GHz,1093750
Intel Core2 Duo T6670 @ 2.20GHz,1093750
Intel Core2 Duo T7100 @ 1.80GHz,1225000
Intel Core2 Duo T7200 @ 2.00GHz,1093750
Intel Core2 Duo T7250 @ 2.00GHz,1093750
Intel Core2 Duo T7300 @ 2.00GHz,1093750
Intel Core2 Duo T7400 @ 2.16GHz,1093750
Intel Core2 Duo T7500 @ 2.20GHz,1093750
Intel Core2 Duo T7600 @ 2.33GHz,1093750
Intel Core2 Duo T7700 @ 2.40GHz,1093750
Intel Core2 Duo T7700 @ 2.40GHz,1706250
Intel Core2 Duo T7800 @ 2.60GHz,1093750
Intel Core2 Duo T8100 @ 2.10GHz,1268750
Intel Core2 Duo T8300 @ 2.40GHz,1093750
Intel Core2 Duo T9300 @ 2.50GHz,1137500
Intel Core2 Duo T9400 @ 2.53GHz,1137500
Intel Core2 Duo T9500 @ 2.60GHz,1137500
Intel Core2 Duo T9550 @ 2.66GHz,1137500
Intel Core2 Duo T9600 @ 2.80GHz,1137500
Intel Core2 Duo T9800 @ 2.93GHz,1181250
Intel Core2 Duo T9900 @ 3.06GHz,1181250
Intel Core2 Duo U7300 @ 1.30GHz,1093750
Intel Core2 Duo U7500 @ 1.06GHz,1093750
Intel Core2 Duo U7600 @ 1.20GHz,1093750
Intel Core2 Duo U7700 @ 1.33GHz,1093750
Intel Core2 Duo U9300 @ 1.20GHz,1093750
Intel Core2 Duo U9600 @ 1.60GHz,1093750
Intel Core2 Extreme X7800 @ 2.60GHz,1181250
Intel Core2 Extreme X7900 @ 2.80GHz,1181250
Intel Core2 Extreme X9000 @ 2.80GHz,1137500
Intel Core2 Extreme X9100 @ 3.06GHz,1400000
Intel Core2 Quad Q9000 @ 2.00GHz,1531250
Intel Core2 Quad Q9100 @ 2.26GHz,1837500
Intel Core2 Solo U2100 @ 1.06GHz,1093750
Intel Core2 Solo U3500 @ 1.40GHz,1093750
Intel CoreTM Ultra 5 115U,9450000
Intel N95,3150000
Intel Pentium 2020M @ 2.40GHz,1093750
Intel Pentium 2030M @ 2.50GHz,1093750
Intel Pentium 2117U @ 1.80GHz,1093750
Intel Pentium 2127U @ 1.90GHz,1093750
Intel Pentium 2129Y @ 1.10GHz,1093750
Intel Pentium 3550M @ 2.30GHz,1093750
Intel Pentium 3556U @ 1.70GHz,1093750
Intel Pentium 3558U @ 1.70GHz,1093750
Intel Pentium 3560M @ 2.40GHz,1093750
Intel Pentium 3560Y @ 1.20GHz,1093750
Intel Pentium 3805U @ 1.90GHz,1093750
Intel Pentium 3825U @ 1.90GHz,1093750
Intel Pentium 4 Mobile 1.60GHz,1093750
Intel Pentium 4 Mobile 1.80GHz,1093750
Intel Pentium 4 Mobile 1.90GHz,1093750
Intel Pentium 4 Mobile 2.00GHz,1093750
Intel Pentium 4405U @ 2.10GHz,1093750
Intel Pentium 4405Y @ 1.50GHz,1093750
Intel Pentium 4410Y @ 1.50GHz,1093750
Intel Pentium 4415U @ 2.30GHz,1093750
Intel Pentium 4415Y @ 1.60GHz,1093750
Intel Pentium 4417U @ 2.30GHz,1093750
Intel Pentium 4425Y @ 1.70GHz,1093750
Intel Pentium 5405U @ 2.30GHz,1093750
Intel Pentium 6405U @ 2.40GHz,1093750
Intel Pentium 6805 @ 1.10GHz,1750000
Intel Pentium 957 @ 1.20GHz,1093750
Intel Pentium 967 @ 1.30GHz,1093750
Intel Pentium 987 @ 1.50GHz,1093750
Intel Pentium A1018 @ 2.10GHz,1093750
Intel Pentium A1020 @ 2.41GHz,1093750
Intel Pentium B940 @ 2.00GHz,1093750
Intel Pentium B950 @ 2.10GHz,1093750
Intel Pentium B960 @ 2.20GHz,1093750
Intel Pentium B970 @ 2.30GHz,1093750
Intel Pentium B980 @ 2.40GHz,1093750
Intel Pentium Dual T2390 @ 1.86GHz,1093750
Intel Pentium G4400TE @ 2.40GHz,1093750
Intel Pentium Gold 7505 @ 2.00GHz,1400000
Intel Pentium Gold 8505,2493750
Intel Pentium III Mobile 1066MHz,1093750
Intel Pentium III Mobile 1133MHz,1093750
Intel Pentium III Mobile 1200MHz,1093750
Intel Pentium III Mobile 800MHz,1093750
Intel Pentium III Mobile 866MHz,1093750
Intel Pentium M 1.10GHz,1093750
Intel Pentium M 1.20GHz,1093750
Intel Pentium M 1.30GHz,1093750
Intel Pentium M 1.40GHz,1093750
Intel Pentium M 1.50GHz,1093750
Intel Pentium M 1.60GHz,1093750
Intel Pentium M 1.70GHz,1093750
Intel Pentium M 1.73GHz,1093750
Intel Pentium M 1.80GHz,1093750
Intel Pentium M 1.86GHz,1093750
Intel Pentium M 1000MHz,1093750
Intel Pentium M 1200MHz,1093750
Intel Pentium M 1300MHz,1093750
Intel Pentium M 1400MHz,1093750
Intel Pentium M 1500MHz,1093750
Intel Pentium M 1600MHz,1093750
Intel Pentium M 1700MHz,1093750
Intel Pentium M 2.00GHz,1093750
Intel Pentium M 2.10GHz,1093750
Intel Pentium M 2.13GHz,1093750
Intel Pentium M 2.26GHz,1093750
Intel Pentium M 900MHz,1093750
Intel Pentium N3510 @ 1.99GHz,1093750
Intel Pentium N3520 @ 2.16GHz,1093750
Intel Pentium N3530 @ 2.16GHz,1093750
Intel Pentium N3540 @ 2.16GHz,1093750
Intel Pentium N3700 @ 1.60GHz,1093750
Intel Pentium N3710 @ 1.60GHz,1093750
Intel Pentium N4200 @ 1.10GHz,1093750
Intel Pentium P6000 @ 1.87GHz,1093750
Intel Pentium P6100 @ 2.00GHz,1093750
Intel Pentium P6200 @ 2.13GHz,1093750
Intel Pentium P6300 @ 2.27GHz,1093750
Intel Pentium SU2700 @ 1.30GHz,1093750
Intel Pentium SU4100 @ 1.30GHz,1093750
Intel Pentium Silver N5000 @ 1.10GHz,1225000
Intel Pentium Silver N5020 @ 1.10GHz,1531250
Intel Pentium Silver N5030 @ 1.10GHz,1225000
Intel Pentium Silver N6005 @ 2.00GHz,1706250
Intel Pentium T2060 @ 1.60GHz,1093750
Intel Pentium T2080 @ 1.73GHz,1093750
Intel Pentium T2130 @ 1.86GHz,1093750
Intel Pentium T2310 @ 1.46GHz,1093750
Intel Pentium T2330 @ 1.60GHz,1093750
Intel Pentium T2370 @ 1.73GHz,1093750
Intel Pentium T2390 @ 1.86GHz,1093750
Intel Pentium T3200 @ 2.00GHz,1093750
Intel Pentium T3400 @ 2.16GHz,1093750
Intel Pentium T4200 @ 2.00GHz,1093750
Intel Pentium T4300 @ 2.10GHz,1093750
Intel Pentium T4400 @ 2.20GHz,1093750
Intel Pentium T4500 @ 2.30GHz,1093750
Intel Pentium U5400 @ 1.20GHz,1093750
Intel Pentium U5600 @ 1.33GHz,1093750
Intel U300,1837500
Intel Xeon D-1528 @ 1.90GHz,7787500
Intel Xeon E-2176M @ 2.70GHz,10587500
Intel Xeon E-2186M @ 2.90GHz,13781250
Intel Xeon E-2276M @ 2.80GHz,14743750
Intel Xeon E-2286M @ 2.40GHz,23406250
Intel Xeon E3-1268L v5 @ 2.40GHz,8968750
Intel Xeon E3-1505L v5 @ 2.00GHz,3500000
Intel Xeon E3-1505L v6 @ 2.20GHz,5600000
Intel Xeon E3-1535M v5 @ 2.90GHz,8443750
Intel Xeon E3-1535M v6 @ 3.10GHz,10675000
Intel Xeon E3-1545M v5 @ 2.90GHz,8618750
Intel Xeon W-10855M @ 2.80GHz,18812500
Intel Xeon W-10885M @ 2.40GHz,28218750
Intel Xeon W-11855M @ 3.20GHz,30187500
Intel Xeon W-11955M @ 2.60GHz,39331250
Microsoft SQ1 @ 3.0 GHz,4550000
Microsoft SQ2 @ 3.15 GHz,4900000
Microsoft SQ3 @ 3.0 GHz,9843750
Mobile AMD Athlon 2500+,1093750
Mobile AMD Athlon 4 2400+,1093750
Mobile AMD Athlon 64 3200+,1093750
Mobile AMD Athlon 64 3400+,1093750
Mobile AMD Athlon 64 3700+,1093750
Mobile AMD Athlon 64 4000+,1093750
Mobile AMD Athlon MP-M 1800+,1093750
Mobile AMD Athlon MP-M 2400+,1093750
Mobile AMD Athlon XP-M 1600+,1093750
Mobile AMD Athlon XP-M 1800+,1093750
Mobile AMD Athlon XP-M 2000+,1093750
Mobile AMD Athlon XP-M 2200+,1093750
Mobile AMD Athlon XP-M 2400+,1093750
Mobile AMD Athlon XP-M 2500+,1093750
Mobile AMD Athlon XP-M 2600+,1093750
Mobile AMD Athlon XP-M 2800+,1093750
Mobile AMD Athlon XP-M 3000+,1093750
Mobile AMD Sempron 2100+,1093750
Mobile AMD Sempron 2600+,1137500
Mobile AMD Sempron 2800+,1137500
Mobile AMD Sempron 3000+,1093750
Mobile AMD Sempron 3100+,1137500
Mobile AMD Sempron 3200+,1137500
Mobile AMD Sempron 3300+,1137500
Mobile AMD Sempron 3400+,1137500
Mobile AMD Sempron 3500+,1137500
Mobile AMD Sempron 3600+,1137500
Mobile AMD Sempron 3800+,1181250
Mobile Intel Celeron 1.70GHz,1093750
Mobile Intel Celeron 1.80GHz,1093750
Mobile Intel Celeron 1333MHz,1093750
Mobile Intel Celeron 2.00GHz,1093750
Mobile Intel Celeron 2.20GHz,1093750
Mobile Intel Celeron 2.40GHz,1093750
Mobile Intel Pentium 4 - M 1.70GHz,1093750
Mobile Intel Pentium 4 - M 1.80GHz,1093750
Mobile Intel Pentium 4 - M 2.00GHz,1093750
Mobile Intel Pentium 4 - M 2.20GHz,1093750
Mobile Intel Pentium 4 - M 2.40GHz,1093750
Mobile Intel Pentium 4 3.33GHz,1093750
Mobile Intel Pentium III - M 1200MHz,1093750
Mobile Intel Pentium III - M 933MHz,1093750
Qualcomm Snapdragon X Elite - X1E-78-100,20737500
Qualcomm Snapdragon X Elite - X1E-80-100,20868750
Qualcomm Snapdragon X Elite - X1E-84-100,22706250
Qualcomm Snapdragon X Elite - X1E001DE,32287500
Qualcomm Snapdragon X Plus X1P-64-100,18681250
Snapdragon 7c @ 1.96 GHz,2275000
Snapdragon 7c @ 2.40 GHz,2187500
Snapdragon 7c Gen 2 @ 2.55 GHz,2362500
Snapdragon 835,1881250
Snapdragon 850 @ 2.96 GHz,2581250
Snapdragon 8c @ 2.46 GHz,3587500
Snapdragon 8cx @ 2.84 GHz,3587500
Snapdragon 8cx Gen 2 @ 3.0 GHz,4550000
Snapdragon 8cx Gen 2 @ 3.15 GHz,4506250
Snapdragon 8cx Gen 3 @ 3.0 GHz,8881250
Snapdragon X - X126100 - Qualcomm Oryon,14393750
Snapdragon X Plus - X1P42100 - Qualcomm Oryon,15793750
VIA C7-M 1200MHz,1093750
VIA C7-M 1600MHz,1093750
VIA C7-M 6300MHz,1093750
VIA Eden 1000MHz,1093750
VIA Eden 1200MHz,1093750
VIA Nano L2007@1600MHz,1093750
VIA Nano L2100@1800MHz,1093750
VIA Nano L2207@1600MHz,1093750
VIA Nano U2250 (1.6GHz Capable),1093750
VIA Nano U2250@1300+MHz,1093750
VIA Nano U2500@1200MHz,1093750
VIA Nano U3500@1000MHz,1093750
VIA Nano X2 U4025 @ 1.2 GHz,1093750
VIA QuadCore L4700 @ 1.2+ GHz,1487500
Intel N100,3325000
Intel N150,1706250
Intel N200,1181250
Intel N250,1487500
Intel N50,1093750
Intel N95,3150000
Intel N97,3412500
