listing_index,price_corrected,RAM_SIZE,SSD_SIZE,cpu_mark,gpu_g3d_mark,brand,city_grouped,sampled_from,label
0,37000.0,8.0,128.0,19099.0,15000.0,YOGA,OTHER,top_deals,
1,123300.0,16.0,512.0,24866.0,15000.0,MACBOOK,MOHAMMADIA,top_deals,
2,51500.0,10.0,512.0,20442.0,5356.0,VIVOBOOK,OTHER,top_deals,
3,30000.0,8.0,256.0,13245.0,1000.0,INSPIRON,SETIF,top_deals,
4,28000.0,32.0,1000.0,,76.0,ZBOOK,CHLEF,top_deals,
5,20000.0,8.0,256.0,5800.0,1042.0,IDEAPAD,OTHER,top_deals,
6,10000.0,,500.0,,,PAVILION,AIN BENIAN,top_deals,
7,20000.0,8.0,512.0,5807.0,1042.0,LATITUDE,OTHER,top_deals,
8,17000.0,4.0,0.0,1431.0,114.0,PAVILION,BATNA,top_deals,
9,48900.0,8.0,240.0,13757.0,1000.0,LATITUDE,ORAN,top_deals,
10,15000.0,6.0,0.0,5858.0,1000.0,OTHER,BIR EL DJIR,top_deals,
11,78000.0,8.0,256.0,20442.0,5356.0,VIVOBOOK,EZZOUAR,top_deals,
12,52000.0,16.0,1000.0,25280.0,5967.0,ZENBOOK,OTHER,top_deals,
13,14300.0,8.0,0.0,1874.0,530.0,LATITUDE,BIR EL DJIR,top_deals,
14,12000.0,4.0,0.0,1650.0,530.0,ASPIRE,OTHER,top_deals,
15,64000.0,16.0,512.0,23441.0,3866.0,PROBOOK,BORDJ EL KIFFAN,top_deals,
16,26500.0,8.0,240.0,12947.0,1042.0,OTHER,EZZOUAR,top_deals,
17,41500.0,8.0,256.0,2610.0,5609.0,GALAXY,BLIDA,top_deals,
18,30000.0,16.0,500.0,5796.0,1042.0,OTHER,BORDJ BOU ARRERIDJ,top_deals,
19,50000.0,8.0,256.0,22026.0,5967.0,THINKPAD,ORAN,top_deals,
32,355000.0,32.0,1000.0,22150.0,50000.0,MACBOOK,EL BIAR,joint_outlier,
49,149500.0,128.0,8000.0,36485.0,30000.0,MACBOOK,KOUBA,joint_outlier,
53,130000.0,,256.0,36485.0,50000.0,MACBOOK,EZZOUAR,joint_outlier,
57,109000.0,64.0,4000.0,56114.0,38863.0,ALIENWARE,EZZOUAR,joint_outlier,
59,980000.0,64.0,4000.0,57591.0,35772.0,STEALTH,ALGER CENTRE,joint_outlier,
60,980000.0,32.0,2000.0,56114.0,38863.0,ROG,ALGER CENTRE,joint_outlier,
61,950000.0,48.0,1000.0,38486.0,50000.0,MACBOOK,EZZOUAR,joint_outlier,
63,940000.0,64.0,4000.0,57591.0,35772.0,STEALTH,ALGER CENTRE,joint_outlier,
65,880000.0,96.0,4000.0,36485.0,30000.0,MACBOOK,OTHER,joint_outlier,
68,860000.0,64.0,4000.0,57591.0,35772.0,STEALTH,EZZOUAR,joint_outlier,
69,850000.0,128.0,2000.0,26839.0,30000.0,MACBOOK,EZZOUAR,joint_outlier,
71,840000.0,32.0,2000.0,44450.0,38098.0,BLADE,EZZOUAR,joint_outlier,
72,830000.0,128.0,512.0,36485.0,50000.0,MACBOOK,EZZOUAR,joint_outlier,
73,830000.0,64.0,2000.0,36485.0,50000.0,MACBOOK,EZZOUAR,joint_outlier,
74,820000.0,32.0,1000.0,29315.0,38098.0,ALIENWARE,ALGER CENTRE,joint_outlier,
76,800000.0,64.0,2000.0,36485.0,50000.0,MACBOOK,EZZOUAR,joint_outlier,
77,795000.0,32.0,1000.0,44450.0,38098.0,BLADE,HUSSEIN DEY,joint_outlier,
78,795000.0,32.0,1000.0,44450.0,38098.0,BLADE,KOUBA,joint_outlier,
79,795000.0,48.0,1000.0,36485.0,30000.0,MACBOOK,KOUBA,joint_outlier,
80,795000.0,128.0,2000.0,26839.0,30000.0,MACBOOK,EZZOUAR,joint_outlier,
81,780000.0,32.0,2000.0,44450.0,38098.0,BLADE,ALGER CENTRE,joint_outlier,
82,780000.0,64.0,1000.0,44450.0,38098.0,ROG,ALGER CENTRE,joint_outlier,
83,770000.0,64.0,2000.0,56114.0,35772.0,ALIENWARE,EZZOUAR,joint_outlier,
84,770000.0,36.0,1000.0,38486.0,30000.0,MACBOOK,MOHAMMADIA,joint_outlier,
85,750000.0,32.0,1000.0,44450.0,34449.0,LEGION,MOHAMMADIA,joint_outlier,
86,750000.0,64.0,4000.0,40916.0,38098.0,ALIENWARE,OTHER,joint_outlier,
89,750000.0,48.0,1000.0,36485.0,50000.0,MACBOOK,EZZOUAR,joint_outlier,
90,750000.0,,256.0,36485.0,50000.0,MACBOOK,EZZOUAR,joint_outlier,
91,750000.0,32.0,1000.0,36485.0,50000.0,MACBOOK,EZZOUAR,joint_outlier,
92,750000.0,48.0,1000.0,36485.0,30000.0,MACBOOK,EZZOUAR,joint_outlier,
94,746000.0,64.0,2000.0,36485.0,30000.0,MACBOOK,BEN AKNOUN,joint_outlier,
95,745000.0,128.0,4000.0,36485.0,30000.0,MACBOOK,KOUBA,joint_outlier,
96,735000.0,36.0,1000.0,36485.0,30000.0,MACBOOK,OTHER,joint_outlier,
97,729000.0,32.0,1000.0,56114.0,35772.0,STEALTH,EZZOUAR,joint_outlier,
98,729000.0,8.0,512.0,36485.0,50000.0,MAC,KOUBA,joint_outlier,
99,725000.0,32.0,1000.0,30351.0,35772.0,BLADE,EZZOUAR,joint_outlier,
101,718000.0,36.0,1000.0,36485.0,30000.0,MACBOOK,KOUBA,joint_outlier,
102,716000.0,36.0,1000.0,38486.0,30000.0,MACBOOK,BEN AKNOUN,joint_outlier,
103,710000.0,48.0,1000.0,36485.0,50000.0,MACBOOK,EZZOUAR,joint_outlier,
106,700000.0,32.0,1000.0,36485.0,30000.0,MACBOOK,EZZOUAR,joint_outlier,
107,700000.0,128.0,1000.0,36485.0,30000.0,MACBOOK,EZZOUAR,joint_outlier,
109,700000.0,64.0,2000.0,22150.0,15000.0,MACBOOK,EZZOUAR,joint_outlier,
110,699000.0,64.0,1000.0,32773.0,15000.0,MACBOOK,EZZOUAR,joint_outlier,
111,695000.0,64.0,2000.0,45854.0,400.0,THINKPAD,KOUBA,joint_outlier,
112,690000.0,32.0,1000.0,29315.0,38098.0,ALIENWARE,EZZOUAR,joint_outlier,
113,690000.0,64.0,2000.0,44450.0,38098.0,ROG,ALGER CENTRE,joint_outlier,
114,690000.0,32.0,1000.0,27344.0,38098.0,THINKPAD,EZZOUAR,joint_outlier,
116,690000.0,64.0,2000.0,55732.0,35772.0,VECTOR,EZZOUAR,joint_outlier,
117,690000.0,32.0,2000.0,54206.0,38098.0,ZENBOOK,EZZOUAR,joint_outlier,
118,689000.0,32.0,2000.0,29315.0,38098.0,ALIENWARE,EZZOUAR,joint_outlier,
119,680000.0,64.0,1000.0,29315.0,5440.0,STEALTH,OTHER,joint_outlier,
120,680000.0,32.0,2000.0,44450.0,38098.0,LEGION,KOUBA,joint_outlier,
121,665000.0,32.0,1000.0,36485.0,30000.0,MACBOOK,EZZOUAR,joint_outlier,
123,660000.0,32.0,1000.0,44450.0,34449.0,BLADE,EZZOUAR,joint_outlier,
124,660000.0,32.0,1000.0,44450.0,38098.0,VECTOR,EZZOUAR,joint_outlier,
126,654000.0,36.0,1000.0,36485.0,30000.0,MACBOOK,KOUBA,joint_outlier,
127,650000.0,32.0,2000.0,29315.0,38098.0,ROG,EZZOUAR,joint_outlier,
130,639000.0,36.0,1000.0,36485.0,30000.0,MACBOOK,HUSSEIN DEY,joint_outlier,
131,635000.0,36.0,1000.0,36485.0,30000.0,MACBOOK,MOHAMMADIA,joint_outlier,
132,635000.0,32.0,2000.0,40916.0,38098.0,BLADE,KOUBA,joint_outlier,
304,435000.0,32.0,1000.0,44450.0,5967.0,OMEN,CONSTANTINE,random,
2087,210000.0,16.0,512.0,17341.0,5440.0,INSPIRON,EZZOUAR,random,
1213,265000.0,32.0,512.0,23957.0,10091.0,PRECISION,KOUBA,random,
2439,195000.0,16.0,512.0,9257.0,2200.0,THINKPAD,ALGER CENTRE,random,
11612,65000.0,12.0,256.0,5858.0,1000.0,IDEAPAD,OTHER,random,
518,355000.0,32.0,1000.0,26839.0,30000.0,MACBOOK,ORAN,random,
426,375000.0,32.0,1000.0,40916.0,26912.0,BLADE,EZZOUAR,random,
9694,79000.0,16.0,256.0,6069.0,1042.0,THINKPAD,BLIDA,random,
13336,49900.0,8.0,256.0,3203.0,400.0,LATITUDE,ORAN,random,
10170,75000.0,8.0,256.0,14187.0,400.0,ELITEBOOK,KOUBA,random,
476,365000.0,32.0,1000.0,57591.0,5440.0,ZENBOOK,EZZOUAR,random,
6180,115000.0,8.0,256.0,9839.0,2200.0,ELITEBOOK,KOUBA,random,
4554,139000.0,32.0,512.0,16828.0,5440.0,ELITEBOOK,ALGER CENTRE,random,
8247,91000.0,8.0,512.0,9399.0,2200.0,THINKPAD,OTHER,random,
14654,355000.0,8.0,256.0,15646.0,15000.0,MACBOOK,OTHER,random,
10083,76000.0,8.0,256.0,10840.0,1042.0,VOSTRO,ALGER CENTRE,random,
2683,185000.0,32.0,512.0,25280.0,5044.0,PRECISION,ALGER CENTRE,random,
13488,48000.0,8.0,256.0,12682.0,1042.0,THINKPAD,DOUERA,random,
7383,100000.0,32.0,512.0,11503.0,1042.0,PRECISION,BIRKHADEM,random,
1722,235000.0,16.0,1000.0,13087.0,19538.0,TUF,OTHER,random,
5862,119900.0,8.0,512.0,13245.0,1000.0,VIVOBOOK,ORAN,random,
14873,33000.0,8.0,256.0,2989.0,400.0,THINKPAD,EZZOUAR,random,
2998,175000.0,16.0,1000.0,14085.0,5967.0,GALAXY,EZZOUAR,random,
3545,160000.0,16.0,5000.0,11503.0,14109.0,STEALTH,MOSTAGANEM,random,
10579,72000.0,4.0,0.0,3036.0,400.0,THINKPAD,OTHER,random,
700,315000.0,16.0,512.0,29949.0,26912.0,TUF,AIN NAADJA,random,
3106,170000.0,8.0,512.0,16492.0,9499.0,VICTUS,KOUBA,random,
12204,59000.0,8.0,256.0,3835.0,1042.0,PROBOOK,EL HARRACH,random,
13708,45000.0,8.0,128.0,1582.0,290.0,SURFACE,EZZOUAR,random,
12963,53000.0,16.0,256.0,6104.0,1042.0,LATITUDE,EL OUED,random,
12333,58000.0,8.0,256.0,3203.0,400.0,THINKPAD,EZZOUAR,random,
12423,57500.0,8.0,64.0,6069.0,1042.0,PAVILION,DOUERA,random,
7762,95000.0,16.0,512.0,,,MACBOOK,EZZOUAR,random,
4089,149000.0,16.0,512.0,13840.0,5967.0,THINKPAD,ALGER CENTRE,random,
4081,149000.0,16.0,512.0,20671.0,5440.0,IDEAPAD,HUSSEIN DEY,random,
3015,175000.0,32.0,256.0,10010.0,2200.0,LATITUDE,EZZOUAR,random,
10740,70000.0,8.0,256.0,6394.0,1042.0,ASPIRE,EZZOUAR,random,
5849,120000.0,16.0,256.0,9257.0,2200.0,INSPIRON,SIDI BEL ABBES,random,
6133,115000.0,4.0,512.0,5882.0,400.0,OTHER,BATNA,random,
5955,119000.0,32.0,512.0,14177.0,1000.0,THINKPAD,BOUFARIK,random,
9238,84000.0,8.0,256.0,9399.0,2200.0,ELITEBOOK,ALGER CENTRE,random,
8552,89000.0,8.0,256.0,9399.0,2200.0,INSPIRON,EL HARRACH,random,
9089,85000.0,8.0,256.0,10249.0,1000.0,PAVILION,ALGER CENTRE,random,
566,345000.0,32.0,1000.0,22150.0,15000.0,MACBOOK,EZZOUAR,random,
5001,134000.0,16.0,512.0,15221.0,7702.0,TUF,MOSTAGANEM,random,
9345,82990.0,8.0,512.0,6069.0,1042.0,OTHER,DELY BRAHIM,random,
2512,189000.0,8.0,512.0,16989.0,5440.0,THINKPAD,OTHER,random,
5250,129000.0,32.0,1000.0,16591.0,5967.0,THINKPAD,ALGER CENTRE,random,
5747,120000.0,32.0,256.0,11503.0,76.0,ZBOOK,BEJAIA,random,
1805,228000.0,16.0,512.0,14031.0,16758.0,INSPIRON,ALGER CENTRE,random,
290,440000.0,64.0,1000.0,29315.0,26912.0,THINKPAD,EZZOUAR,random,
5790,120000.0,16.0,512.0,14030.0,400.0,THINKPAD,KOUBA,random,
5504,125000.0,16.0,1000.0,15486.0,400.0,PAVILION,CHERAGA,random,
123,660000.0,32.0,1000.0,44450.0,34449.0,BLADE,EZZOUAR,random,
16199,65000.0,8.0,256.0,9399.0,2200.0,PAVILION,OULED FAYET,random,
795,298000.0,32.0,1000.0,24673.0,5440.0,XPS,EZZOUAR,random,
13846,45000.0,8.0,256.0,5800.0,1042.0,VIVOBOOK,BACHDJERRAH,random,
11941,62000.0,16.0,256.0,5884.0,1042.0,LATITUDE,EZZOUAR,random,
10841,70000.0,16.0,512.0,6069.0,1042.0,ELITEBOOK,BLIDA,random,
4746,137000.0,32.0,512.0,10010.0,2200.0,ELITEBOOK,EZZOUAR,random,
1006,279000.0,16.0,1000.0,27344.0,26912.0,STEALTH,EZZOUAR,random,
6625,110000.0,16.0,512.0,12682.0,1042.0,OTHER,AIN NAADJA,random,
6498,112000.0,8.0,512.0,13994.0,1000.0,PAVILION,DOUERA,random,
5922,119000.0,16.0,256.0,14133.0,15000.0,MACBOOK,EZZOUAR,random,
4189,148000.0,16.0,512.0,20442.0,9499.0,OMEN,EZZOUAR,random,
16244,30000.0,6.0,750.0,,,PAVILION,OTHER,random,
9317,83000.0,8.0,256.0,5807.0,1042.0,LATITUDE,EZZOUAR,random,
3733,158000.0,16.0,512.0,23624.0,5967.0,IDEAPAD,EZZOUAR,random,
9526,80000.0,8.0,128.0,,,MACBOOK,ALGER CENTRE,random,
12454,57000.0,8.0,256.0,6828.0,1200.0,THINKPAD,EZZOUAR,random,
254,464900.0,24.0,512.0,32773.0,15000.0,MACBOOK,HUSSEIN DEY,random,
12381,58000.0,8.0,256.0,5800.0,1042.0,THINKPAD,EZZOUAR,random,
1236,260000.0,16.0,1000.0,25280.0,5967.0,ALIENWARE,RELIZANE,random,
3857,155000.0,16.0,512.0,19991.0,38.0,PRECISION,EZZOUAR,random,
13763,45000.0,8.0,256.0,,,MACBOOK,ALGER CENTRE,random,
4375,145000.0,16.0,512.0,16583.0,5967.0,ZENBOOK,EZZOUAR,random,
3776,155000.0,32.0,256.0,25905.0,5440.0,THINKPAD,ALGER CENTRE,random,
88,750000.0,24.0,512.0,32773.0,15000.0,MACBOOK,BORDJ EL KIFFAN,random,
14727,35000.0,4.0,64.0,1537.0,114.0,VIVOBOOK,BLIDA,random,
3698,158900.0,8.0,256.0,9399.0,1823.0,VIVOBOOK,HYDRA,random,
