antecedents,consequents,antecedent support,consequent support,support,confidence,lift,representativity,leverage,conviction,zhangs_metric,jaccard,certainty,kulczynski
frozenset({'LPDDR5/LPDDR5X'}),"frozenset({'gpu_tier_Mid_Range', 'dedicated_gpu_Integrated'})",0.06930209858467545,0.08455344070278184,0.05124450951683748,0.7394366197183099,8.745198463508324,1.0,0.045384778633579786,3.513335443789324,0.9515993707393813,0.49940546967895366,0.7153701899521882,0.672748612889458
"frozenset({'gpu_tier_Mid_Range', 'dedicated_gpu_Integrated'})",frozenset({'LPDDR5/LPDDR5X'}),0.08455344070278184,0.06930209858467545,0.05124450951683748,0.6060606060606061,8.745198463508324,1.0,0.045384778633579786,2.36254082666967,0.9674530187924829,0.49940546967895366,0.5767268913572009,0.672748612889458
"frozenset({'gpu_tier_Mid_Range', 'dedicated_gpu_Integrated'})","frozenset({'13-14""', 'cpu_tier_Mid_Range'})",0.08455344070278184,0.07662274280136652,0.05167154709614446,0.6111111111111112,7.975583864118897,1.0,0.04519283055620461,2.374398661367915,0.9553996583184908,0.471866295264624,0.5788407329105004,0.6427370842179759
"frozenset({'13-14""', 'cpu_tier_Mid_Range'})","frozenset({'gpu_tier_Mid_Range', 'dedicated_gpu_Integrated'})",0.07662274280136652,0.08455344070278184,0.05167154709614446,0.6743630573248407,7.975583864118896,1.0,0.04519283055620461,2.8112490916315545,0.9471939265808188,0.471866295264624,0.6442862345507656,0.6427370842179759
"frozenset({'gpu_tier_Mid_Range', '13-14""'})","frozenset({'dedicated_gpu_Integrated', 'cpu_tier_Mid_Range'})",0.07284040995607613,0.10572230356271352,0.05167154709614446,0.7093802345058626,6.709844664754819,1.0,0.04397069116313568,3.077139969873545,0.917819609956135,0.40721153846153846,0.6750229077031243,0.5990640353140969
"frozenset({'gpu_tier_Mid_Range', 'dedicated_gpu_Integrated', '13-14""'})",frozenset({'cpu_tier_Mid_Range'}),0.06021229868228404,0.14561981454367984,0.05167154709614446,0.8581560283687943,5.893126777135014,1.0,0.0429034433287816,6.023380307467058,0.883508896167124,0.33518005540166207,0.8339802654067316,0.6064973690231068
"frozenset({'gpu_tier_Mid_Range', 'dedicated_gpu_Integrated'})",frozenset({'cpu_tier_Mid_Range'}),0.08455344070278184,0.14561981454367984,0.06979014153245486,0.8253968253968255,5.668162866319549,1.0,0.057477485178285735,4.8932683348862,0.8996439885584228,0.4351464435146444,0.7956376124173339,0.6523297491039427
"frozenset({'dedicated_gpu_Dedicated', '257-512GB'})","frozenset({'FHD', 'gpu_tier_Mid_Range'})",0.10303806734992679,0.1173743289409468,0.06399463152757442,0.6210775606867969,5.291425870466722,1.0,0.05190060751700469,2.3293043100292823,0.9041799800005798,0.40912636505460215,0.570687266711223,0.583147927952546
"frozenset({'gpu_tier_Mid_Range', '13-14""'})",frozenset({'cpu_tier_Mid_Range'}),0.07284040995607613,0.14561981454367984,0.0560639336261591,0.7696817420435511,5.285556395298656,1.0,0.04545692663706968,3.7095634233994415,0.8745044197872093,0.345229151014275,0.7304264987917094,0.5773419183615326
"frozenset({'gpu_tier_Mid_Range', '14.1-15.6""'})","frozenset({'FHD', 'dedicated_gpu_Dedicated'})",0.07509760858955589,0.1633723767691557,0.06027330405075647,0.8025995125913891,4.912700227930563,1.0,0.048004429245800964,4.238224708630325,0.8611135218826699,0.3382403286545703,0.7640521518446879,0.5857657757131702
"frozenset({'FHD', '14.1-15.6""', 'gpu_tier_Mid_Range'})",frozenset({'dedicated_gpu_Dedicated'}),0.06423865300146413,0.19735236700829673,0.06027330405075647,0.9382716049382717,4.754296181807774,1.0,0.047595653827492895,13.002891654465605,0.8438732024663654,0.29939393939393943,0.9230940296532758,0.6218405938138035
"frozenset({'gpu_tier_Mid_Range', '14.1-15.6""'})",frozenset({'dedicated_gpu_Dedicated'}),0.07509760858955589,0.19735236700829673,0.06564177647632992,0.8740861088545897,4.429063213707708,1.0,0.05082108566451847,6.3745757175018465,0.8370814349770946,0.3174041297935103,0.8431268143455525,0.6033490822480059
"frozenset({'FHD', '12-18GB', 'gpu_tier_Mid_Range'})",frozenset({'dedicated_gpu_Dedicated'}),0.08424841386041972,0.19735236700829673,0.06905807711078575,0.8196958725561188,4.1534635990540645,1.0,0.05243145321873732,4.451632052857599,0.8290862907836962,0.32491389207807125,0.7753632851668236,0.584809296401707
"frozenset({'LPDDR5/LPDDR5X', 'dedicated_gpu_Integrated'})",frozenset({'gpu_tier_Mid_Range'}),0.06332357247437774,0.19643728648121034,0.05124450951683748,0.8092485549132948,4.119628047248053,1.0,0.038805398769674454,4.21261664965911,0.8084538231079849,0.24575775307197192,0.7626178493879995,0.5350590600653431
"frozenset({'FHD', '257-512GB', 'gpu_tier_Mid_Range'})",frozenset({'dedicated_gpu_Dedicated'}),0.07930697901415325,0.19735236700829673,0.06399463152757442,0.8069230769230769,4.088742836761384,1.0,0.04834321149885397,4.157139135016789,0.8204972008983604,0.3009179575444636,0.7594499564431919,0.5655944596361907
"frozenset({'FHD', 'gpu_tier_Mid_Range'})",frozenset({'dedicated_gpu_Dedicated'}),0.1173743289409468,0.19735236700829673,0.09431429965836993,0.8035343035343034,4.071571654879228,1.0,0.07115019801586366,4.085433983799038,0.854716354887317,0.4278992526985884,0.7552279625700618,0.6407161471303666
frozenset({'LPDDR5/LPDDR5X'}),frozenset({'gpu_tier_Mid_Range'}),0.06930209858467545,0.19643728648121034,0.054599804782820886,0.7878521126760563,4.010705537573266,1.0,0.04098628858939391,3.7877478944288163,0.8065638796202171,0.25859578156602137,0.7359908769348553,0.5329012116175312
"frozenset({'gpu_tier_Mid_Range', 'DDR5/DDR5X'})",frozenset({'dedicated_gpu_Dedicated'}),0.07460956564177648,0.19735236700829673,0.05758906783796974,0.7718724448078496,3.9111385209552614,1.0,0.042864693457104266,3.5184159682754594,0.8043307408843415,0.26863972680705756,0.7157811898829726,0.5318403955105708
"frozenset({'dedicated_gpu_Integrated', '13-14""', 'cpu_tier_Mid_Range'})",frozenset({'gpu_tier_Mid_Range'}),0.06966813079551,0.19643728648121034,0.05167154709614446,0.7416812609457093,3.7756643569633748,1.0,0.037986128528456425,3.110741080808332,0.7901975342094567,0.24096728307254625,0.6785331938522675,0.5023623696032894
"frozenset({'13-14""', 'cpu_tier_Mid_Range'})",frozenset({'gpu_tier_Mid_Range'}),0.07662274280136652,0.19643728648121034,0.0560639336261591,0.7316878980891719,3.724791312260157,1.0,0.041012369947510965,2.994880617743619,0.7922315367149235,0.2583637897104301,0.6660968740872841,0.5085458123986232
