gpu_name,estimated_price
GeForce 205,3750
GeForce 210,3750
GeForce 305M,3750
GeForce 310,3750
GeForce 310M,3750
GeForce 315,3750
GeForce 315M,3750
GeForce 320M,3750
GeForce 410M,3750
GeForce 510,3750
GeForce 6200,3750
GeForce 6200 A-LE,3750
GeForce 6200 LE,3750
GeForce 6200A,3750
GeForce 6500,3750
GeForce 6600,3750
GeForce 6600 GT,3750
GeForce 6600 LE,3750
GeForce 6800,3750
GeForce 6800 GS,3750
GeForce 6800 GS/XT,3750
GeForce 6800 GT,3750
GeForce 6800 LE,3750
GeForce 6800 Ultra,3750
GeForce 6800 XT,3750
GeForce 7000M,3750
GeForce 7100 / nForce 630i,3750
GeForce 7100 GS,3750
GeForce 710A,3750
GeForce 710M,3750
GeForce 7200 GS,3750
GeForce 7300 GS,3750
GeForce 7300 GT,3750
GeForce 7300 LE,3750
GeForce 7300 SE,3750
GeForce 7300 SE/7200 GS,3750
GeForce 7500 LE,3750
GeForce 7600 GS,3750
GeForce 7600 GT,3750
GeForce 7800 GS,3750
GeForce 7800 GT,3750
GeForce 7800 GTX,3750
GeForce 7900 GS,3750
GeForce 7900 GT,3750
GeForce 7900 GT/GTO,3750
GeForce 7900 GTX,3750
GeForce 7950 GT,3750
GeForce 7950 GX2,3750
GeForce 8200M G,3750
GeForce 820M,3750
GeForce 825M,4500
GeForce 8300 GS,3750
GeForce 830M,4500
GeForce 8400 GS,3750
GeForce 8400M G,3750
GeForce 8400M GS,3750
GeForce 8400M GT,3750
GeForce 840M,4500
GeForce 8500 GT,3750
GeForce 8600 GS,3750
GeForce 8600 GT,3750
GeForce 8600 GTS,3750
GeForce 8600M GS,3750
GeForce 8600M GT,3750
GeForce 8700M GT,3750
GeForce 8800 GS,3750
GeForce 8800 GT,3750
GeForce 8800 GTS,3750
GeForce 8800 GTS 512,4500
GeForce 8800 GTX,10000
GeForce 8800 Ultra,4500
GeForce 8800M GTS,3750
GeForce 8800M GTX,3750
GeForce 9200M GS,3750
GeForce 9300 GE,3750
GeForce 9300 GS,3750
GeForce 9300M G,3750
GeForce 9300M GS,3750
GeForce 930MX,11250
GeForce 9400 GT,3750
GeForce 9400M G,3750
GeForce 940M,5000
GeForce 9500 GT,3750
GeForce 9500M G,3750
GeForce 9500M GS,3750
GeForce 9600 GS,3750
GeForce 9600 GSO,3750
GeForce 9600 GSO 512,3750
GeForce 9600 GT,3750
GeForce 9600M GS,3750
GeForce 9600M GT,3750
GeForce 9650M GS,3750
GeForce 9650M GT,3750
GeForce 9700M GT,3750
GeForce 9700M GTS,3750
GeForce 9800 GT,3750
GeForce 9800 GTX,10000
GeForce 9800 GTX+,3750
GeForce 9800 GX2,5000
GeForce 9800M GS,5000
GeForce 9800M GT,3750
GeForce 9800M GTS,3750
GeForce 9800M GTX,3750
GeForce FX 5200,3750
GeForce FX 5200 Ultra,3750
GeForce FX 5500,3750
GeForce FX 5600,3750
GeForce FX 5600 Ultra,3750
GeForce FX 5700,3750
GeForce FX 5700 Ultra,3750
GeForce FX 5700LE,3750
GeForce FX 5700VE,3750
GeForce FX 5900,3750
GeForce FX 5900 Ultra,3750
GeForce FX 5900XT,3750
GeForce FX 5900ZT,3750
GeForce FX 5950 Ultra,3750
GeForce FX Go 5200,3750
GeForce FX Go 5600,3750
GeForce G 103M,3750
GeForce G 105M,3750
GeForce G210M,3750
GeForce Go 6200,3750
GeForce Go 6400,3750
GeForce Go 6600,3750
GeForce Go 6800,3750
GeForce Go 6800 Ultra,3750
GeForce Go 7200,3750
GeForce Go 7300,3750
GeForce Go 7400,3750
GeForce Go 7600,3750
GeForce Go 7600 GT,3750
GeForce Go 7700,3750
GeForce Go 7800,3750
GeForce Go 7800 GTX,3750
GeForce Go 7900 GS,3750
GeForce Go 7900 GTX,3750
GeForce Go 7950 GTX,3750
GeForce GPU,3750
GeForce GT 1030,17500
GeForce GT 120,3750
GeForce GT 120M,3750
GeForce GT 130,3750
GeForce GT 130M,3750
GeForce GT 140,6250
GeForce GT 220,3750
GeForce GT 220M,3750
GeForce GT 230M,3750
GeForce GT 240,3750
GeForce GT 240M,3750
GeForce GT 320,3750
GeForce GT 320M,3750
GeForce GT 325M,3750
GeForce GT 330M,3750
GeForce GT 335M,3750
GeForce GT 340,5000
GeForce GT 415M,3750
GeForce GT 420,3750
GeForce GT 420M,3750
GeForce GT 425M,3750
GeForce GT 430,5000
GeForce GT 435M,5000
GeForce GT 440,5000
GeForce GT 445M,5000
GeForce GT 520,3750
GeForce GT 520M,3750
GeForce GT 520MX,3750
GeForce GT 525M,3750
GeForce GT 530,6250
GeForce GT 540M,3750
GeForce GT 550M,6250
GeForce GT 555M,6250
GeForce GT 610,3750
GeForce GT 620,3750
GeForce GT 620M,3750
GeForce GT 625,3750
GeForce GT 625M,3750
GeForce GT 630,6250
GeForce GT 630M,6250
GeForce GT 635M,6250
GeForce GT 640,6250
GeForce GT 640M,6250
GeForce GT 640M LE,6250
GeForce GT 645M,6250
GeForce GT 650M,6250
GeForce GT 705,3750
GeForce GT 710,7500
GeForce GT 720,8750
GeForce GT 720M,3750
GeForce GT 730,10000
GeForce GT 730M,10000
GeForce GT 735M,6250
GeForce GT 740,11250
GeForce GT 740M,11250
GeForce GT 745M,6250
GeForce GT 750M,6250
GeForce GT 755M,6250
GeForce GTS 150M,6250
GeForce GTS 160M,6250
GeForce GTS 240,6250
GeForce GTS 250,6250
GeForce GTS 250M,6250
GeForce GTS 350M,3750
GeForce GTS 360M,6250
GeForce GTS 450,6250
GeForce GTX 1050,15000
GeForce GTX 1050 (Mobile),17500
GeForce GTX 1050 3GB,15000
GeForce GTX 1050 Ti,20000
GeForce GTX 1050 Ti (Mobile),22500
GeForce GTX 1050 Ti with Max-Q Design,20000
GeForce GTX 1050 with Max-Q Design,15000
GeForce GTX 1060,27500
GeForce GTX 1060 (Mobile),30000
GeForce GTX 1060 3GB,27500
GeForce GTX 1060 5GB,27500
GeForce GTX 1060 with Max-Q Design,27500
GeForce GTX 1070,37500
GeForce GTX 1070 (Mobile),40000
GeForce GTX 1070 Ti,45000
GeForce GTX 1070 with Max-Q Design,37500
GeForce GTX 1080,50000
GeForce GTX 1080 Ti,75000
GeForce GTX 1080 with Max-Q Design,50000
GeForce GTX 1630,20000
GeForce GTX 1650,30000
GeForce GTX 1650 (Mobile),27500
GeForce GTX 1650 SUPER,35000
GeForce GTX 1650 Ti,32500
GeForce GTX 1650 Ti with Max-Q Design,32500
GeForce GTX 1650 with Max-Q Design,30000
GeForce GTX 1660,37500
GeForce GTX 1660 SUPER,45000
GeForce GTX 1660 Ti,42500
GeForce GTX 1660 Ti (Mobile),40000
GeForce GTX 1660 Ti with Max-Q Design,42500
GeForce GTX 260,10000
GeForce GTX 260M,3750
GeForce GTX 275,10000
GeForce GTX 280,10000
GeForce GTX 280M,10000
GeForce GTX 285,10000
GeForce GTX 285M,10000
GeForce GTX 295,10000
GeForce GTX 460,10000
GeForce GTX 460 SE,10000
GeForce GTX 460 v2,10000
GeForce GTX 460M,10000
GeForce GTX 465,10000
GeForce GTX 470,10000
GeForce GTX 470M,10000
GeForce GTX 480,10000
GeForce GTX 480M,10000
GeForce GTX 485M,10000
GeForce GTX 550 Ti,10000
GeForce GTX 555,10000
GeForce GTX 560,10000
GeForce GTX 560 SE,10000
GeForce GTX 560 Ti,10000
GeForce GTX 560M,10000
GeForce GTX 570,10000
GeForce GTX 570M,10000
GeForce GTX 580,10000
GeForce GTX 580M,10000
GeForce GTX 590,10000
GeForce GTX 645,8750
GeForce GTX 650,8750
GeForce GTX 650 Ti,8750
GeForce GTX 650 Ti BOOST,8750
GeForce GTX 660,8750
GeForce GTX 660 Ti,8750
GeForce GTX 660M,8750
GeForce GTX 670,8750
GeForce GTX 670M,8750
GeForce GTX 670MX,8750
GeForce GTX 675M,8750
GeForce GTX 675MX,8750
GeForce GTX 680,8750
GeForce GTX 680M,8750
GeForce GTX 680MX,8750
GeForce GTX 690,8750
GeForce GTX 745,8750
GeForce GTX 750,10000
GeForce GTX 750 Ti,11250
GeForce GTX 760,12500
GeForce GTX 760 Ti,12500
GeForce GTX 760M,11250
GeForce GTX 765M,8750
GeForce GTX 770,15000
GeForce GTX 770M,13750
GeForce GTX 780,20000
GeForce GTX 780 Ti,25000
GeForce GTX 780M,17500
GeForce GTX 850M,8750
GeForce GTX 860M,8750
GeForce GTX 870M,8750
GeForce GTX 880M,8750
GeForce GTX 950,11250
GeForce GTX 950M,12500
GeForce GTX 960,13750
GeForce GTX 960M,15000
GeForce GTX 965M,10000
GeForce GTX 970,20000
GeForce GTX 970M,22500
GeForce GTX 980,25000
GeForce GTX 980 Ti,37500
GeForce GTX 980M,27500
GeForce GTX Titan,10000
GeForce GTX TITAN Black,10000
GeForce GTX TITAN X,10000
GeForce GTX TITAN Z,10000
GeForce MX150,12500
GeForce MX230,12500
GeForce MX250,15000
GeForce PCX 5300,3750
GeForce PCX 5750,3750
GeForce PCX 5900,3750
GeForce RTX 2050,37500
GeForce RTX 2060,50000
GeForce RTX 2060 (Mobile),55000
GeForce RTX 2060 12GB,62500
GeForce RTX 2060 SUPER,62500
GeForce RTX 2060 with Max-Q Design,50000
GeForce RTX 2070,70000
GeForce RTX 2070 (Mobile),75000
GeForce RTX 2070 SUPER,80000
GeForce RTX 2070 Super with Max-Q Design,80000
GeForce RTX 2070 with Max-Q Design,70000
GeForce RTX 2080,87500
GeForce RTX 2080 (Mobile),95000
GeForce RTX 2080 SUPER,100000
GeForce RTX 2080 Super with Max-Q Design,100000
GeForce RTX 2080 Ti,125000
GeForce RTX 2080 with Max-Q Design,87500
GeForce RTX 3050 4GB Laptop GPU,50000
GeForce RTX 3050 6GB,45000
GeForce RTX 3050 6GB Laptop GPU,50000
GeForce RTX 3050 8GB,45000
GeForce RTX 3050 A Laptop GPU,50000
GeForce RTX 3050 OEM,45000
GeForce RTX 3050 Ti Laptop GPU,57500
GeForce RTX 3060 12GB,70000
GeForce RTX 3060 8GB,70000
GeForce RTX 3060 Laptop GPU,75000
GeForce RTX 3060 Ti,87500
GeForce RTX 3070,100000
GeForce RTX 3070 Laptop GPU,105000
GeForce RTX 3070 Ti,112500
GeForce RTX 3070 Ti Laptop GPU,125000
GeForce RTX 3080,137500
GeForce RTX 3080 12GB,162500
GeForce RTX 3080 Laptop GPU,150000
GeForce RTX 3080 Ti,175000
GeForce RTX 3080 Ti Laptop GPU,175000
GeForce RTX 3090,250000
GeForce RTX 3090 Ti,300000
GeForce RTX 4050 Laptop GPU,70000
GeForce RTX 4060,75000
GeForce RTX 4060 Laptop GPU,87500
GeForce RTX 4060 Ti,100000
GeForce RTX 4060 Ti 16GB,100000
GeForce RTX 4070,125000
GeForce RTX 4070 Laptop GPU,137500
GeForce RTX 4070 SUPER,150000
GeForce RTX 4070 Ti,175000
GeForce RTX 4070 Ti SUPER,200000
GeForce RTX 4080,225000
GeForce RTX 4080 Laptop GPU,275000
GeForce RTX 4080 SUPER,250000
GeForce RTX 4090,400000
GeForce RTX 4090 Laptop GPU,450000
GeForce RTX 5050 Laptop GPU,75000
GeForce RTX 5060,87500
GeForce RTX 5060 Laptop GPU,100000
GeForce RTX 5060 Ti 16GB,112500
GeForce RTX 5060 Ti 8GB,112500
GeForce RTX 5070,137500
GeForce RTX 5070 Laptop GPU,162500
GeForce RTX 5070 Ti,187500
GeForce RTX 5070 Ti Laptop GPU,212500
GeForce RTX 5080,250000
GeForce RTX 5080 Laptop GPU,300000
GeForce RTX 5090,500000
GeForce RTX 5090 D,500000
GeForce RTX 5090 Laptop GPU,550000
GeForce2 Go,3750
GeForce2 MX,3750
GeForce2 Ti,3750
GeForce2 Ultra,3750
GeForce3,3750
GeForce4 420 Go,3750
GeForce4 4200 Go,3750
GeForce4 440 Go,3750
GeForce4 MX 420,3750
GeForce4 MX 440,3750
GeForce4 MX 440 with AGP8X,3750
GeForce4 MX 460,3750
GeForce4 Ti 4600,3750
RADEON 9600 PRO,3750
RADEON 9700 PRO,3750
RADEON 9800 PRO,3750
Radeon HD 2400 Pro,3750
Radeon HD 2600 PRO,3750
Radeon HD 2900 PRO,5000
Radeon Pro 5300M,37500
Radeon Pro 5500M,50000
Radeon Pro 5600M,62500
Radeon Pro 5700,87500
Radeon Pro 5700 XT,87500
Radeon Pro 580X,45000
Radeon Pro Duo,100000
Radeon Pro Vega 56,75000
Radeon Pro W5500,62500
Radeon Pro W5500M,62500
Radeon Pro W5500X,62500
Radeon Pro W5700,87500
Radeon PRO W6300,30000
Radeon PRO W7500,62500
Radeon Pro WX 2100,20000
Radeon Pro WX 3100,25000
Radeon Pro WX 3200,25000
Radeon Pro WX 4100,30000
Radeon Pro WX 4130,30000
Radeon Pro WX 4150,30000
Radeon Pro WX 4170,30000
Radeon Pro WX 5100,45000
Radeon Pro WX 7100,62500
Radeon Pro WX 7130,37500
Radeon Pro WX 8200,100000
Radeon Pro WX 9100,100000
Radeon Pro WX Vega M GL,20000
Radeon X1600 Pro,3750
Radeon X1650 Pro,3750
Radeon X1950 Pro,3750
RADEON X700 PRO,3750
RADEON X800 PRO,3750
RADEON X800 PRO/GTO,3750
RADEON X850 PRO,3750
Intel HD 4400,5000
Intel HD 4600,5000
Intel UHD Graphics 620,6250
Intel Arc A310,22500
Intel Arc A310 LP,22500
Intel Arc A380,30000
Intel Arc A580,45000
Intel Arc A750,55000
Intel Arc A770,70000
Intel Arc A770M,75000
Intel Arc B570,55000
Intel Arc B580,62500
Intel Iris Plus 640,8750
Intel Iris Plus 650,8750
Intel UHD Graphics 770,7500
Intel HD Graphics 4600,3750
AMD Radeon R5 Graphics,3750
Intel UHD Graphics P630,6250
Intel HD Graphics,3750
AMD Radeon 740M,10000
AMD Radeon HD 8670D,5000
Intel UHD Graphics 600,5000
AMD Radeon HD 7660D,5000
AMD Radeon 660M,10000
Intel HD Graphics 530,4500
Intel UHD Graphics 610,5000
AMD Radeon 760M,11250
AMD Radeon R7 Graphics,6250
Intel Iris Plus Graphics,8750
Intel HD Graphics 4000,3750
AMD Radeon Vega 6 Graphics,6250
AMD Radeon 890M,15000
AMD Radeon HD 7560D,5000
AMD Radeon R6 Graphics,5500
AMD Radeon Vega 11 Graphics,8750
AMD Radeon Vega 8 Graphics,7000
AMD Radeon Graphics,7500
Intel UHD Graphics 630,6250
Intel HD Graphics 5500,3750
Intel HD Graphics 630,4500
Intel HD Graphics 4400,3750
Intel UHD Graphics,5500
Intel UHD Graphics 750,7500
AMD Radeon 610M,7500
Intel HD Graphics 3000,3750
AMD Radeon HD 8370D,3750
AMD Radeon 780M,12500
Intel HD Graphics 510,3750
AMD Radeon HD 8470D,3750
Intel UHD Graphics 605,5500
AMD Radeon 860M,12500
AMD Radeon HD 7480D,3750
AMD Radeon Vega 3 Graphics,5000
AMD Radeon 880M,13750
AMD Radeon Vega 10 Graphics,8000
AMD Radeon HD 8570D,5000
Intel Arc Graphics,20000
AMD Radeon Vega 9 Graphics,7500
Intel GMA 3150,3750
Intel UHD Graphics 730,7000
Intel Iris Xe Graphics,10000
AMD Radeon HD 7540D,3750
Intel HD Graphics 610,3750
AMD Radeon R4 Graphics,3750
AMD Radeon R2 Graphics,3750
AMD Radeon 680M,11250
Apple 19-core GPU,100000
Apple 38-core GPU,200000
Apple 64-core GPU,300000
Apple 76-core GPU,375000
Adreno X1-85,75000
Adreno 8cx Gen 3,37500
RadeonT RX Vega 11,8750
RadeonT RX 6850M XT,100000
Radeon RX590 GME,45000
Radeon RX Vega11 Ryzen 7 Microsoft Surface Edition,10000
Radeon RX Vega11 Ryzen 7 3750H,10000
Radeon RX Vega11,10000
Radeon RX Vega Ryzen 7 5825U,15000
Radeon RX Vega Ryzen 5 5600GT,45000
Radeon RX Vega Ryzen 5 5500U,15000
Radeon RX Vega Ryzen 3 5300U,15000
Radeon RX Vega M GL,20000
Radeon RX Vega M GH,30000
Radeon RX Vega 8,7000
Radeon RX Vega 64,50000
Radeon RX Vega 6 Ryzen 3 3200U,6250
Radeon RX Vega 6,6250
Radeon RX Vega 56,42500
Radeon RX Vega 11 Ryzen 7 3750H,8750
Radeon RX Vega 11 Ryzen 7 3700U,8750
Radeon RX Vega 11 Ryzen 5 3400GE,8750
Radeon RX Vega 11 Ryzen 5 3400G,8750
Radeon RX Vega 11 Ryzen 5 3350GE,8750
Radeon RX Vega 11 Ryzen 5 3350G,8750
Radeon RX Vega 11 Processor,8750
Radeon RX Vega 11 PRD,8750
Radeon RX Vega 11,8750
Radeon RX Vega 10 Ryzen 7 PRO 3700U w/,8000
Radeon RX Vega 10 Ryzen 7 3750H,8000
Radeon RX Vega 10 Ryzen 7 3700U,8000
Radeon RX Vega 10 Ryzen 7 3700C,8000
Radeon RX Vega 10 Ryzen 5 3500U,8000
Radeon RX Vega 10 Athlon 300U,8000
Radeon RX Vega 10,8000
Radeon RX Vega - Renoir Ryzen 3 5300U,15000
Radeon RX 9070 XT,150000
Radeon RX 9070 GRE,125000
Radeon RX 9070,125000
Radeon RX 9060 XT 8GB,87500
Radeon RX 9060 XT 16GB,87500
Radeon RX 9060,70000
Radeon RX 7900M,175000
Radeon RX 7900 XTX,225000
Radeon RX 7900 XT,187500
Radeon RX 7900 GRE,137500
Radeon RX 7800M,112500
Radeon RX 7800 XT,125000
Radeon RX 780,45000
Radeon RX 7700S,87500
Radeon RX 7700 XT,100000
Radeon RX 7700,87500
Radeon RX 7650 GRE,87500
Radeon RX 7600S,62500
Radeon RX 7600M XT,62500
Radeon RX 7600M,62500
Radeon RX 7600 XT,75000
Radeon RX 7600,67500
Radeon RX 7500,10000
Radeon RX 7400,62500
Radeon RX 6950 XT,137500
Radeon RX 6900 XT,125000
Radeon RX 6850M XT,100000
Radeon RX 6850M,100000
Radeon RX 6800S,75000
Radeon RX 6800M,75000
Radeon RX 6800 XT,100000
Radeon RX 6800,87500
Radeon RX 6750 XT,80000
Radeon RX 6750 GRE 12GB,112500
Radeon RX 6750 GRE 10GB,87500
Radeon RX 6700S,55000
Radeon RX 6700M,55000
Radeon RX 6700 XT,70000
Radeon RX 6700,62500
Radeon RX 670,22500
Radeon RX 6650M XT,87500
Radeon RX 6650M,87500
Radeon RX 6650 XT,55000
Radeon RX 6600S,42500
Radeon RX 6600M,42500
Radeon RX 6600 XT,50000
Radeon RX 6600 LE,45000
Radeon RX 6600,45000
Radeon RX 6550M,45000
Radeon RX 6500M,25000
Radeon RX 6500 XT,30000
Radeon RX 6500,27500
Radeon RX 6450M,32500
Radeon RX 6400,25000
Radeon RX 640,12500
Radeon RX 6300M,20000
Radeon RX 6300,20000
Radeon RX 590,32500
Radeon RX 580X,25000
Radeon RX 580 2048SP,25000
Radeon RX 580,25000
Radeon RX 570X,20000
Radeon RX 5700m 8GB 256 bit Ryzen 5 5600U,50000
Radeon RX 5700 XT 50th Anniversary,62500
Radeon RX 5700 XT,62500
Radeon RX 5700,55000
Radeon RX 560X,15000
Radeon RX 5600M,37500
Radeon RX 5600 XT,45000
Radeon RX 5600 OEM,37500
Radeon RX 5600,40000
Radeon RX 560,15000
Radeon RX 550X,12500
Radeon RX 5500M,30000
Radeon RX 5500 XT,35000
Radeon RX 5500,32500
Radeon RX 550,12500
Radeon RX 540,11250
Radeon RX 5300M,25000
Radeon RX 5300,25000
Radeon RX 480,22500
Radeon RX 470/570,17500
Radeon RX 460,13750
VIA Chrome9,3750
